,Time,Command,Lefthip
0,0,0.0,-0.952380952380949
1,14,4.442629132679408,-0.952380952380949
2,26,8.082096899173068,-0.952380952380949
3,38,11.424540388462317,2.857142857142854
4,50,14.347121817990455,3.0687830687830697
5,62,16.74243371077395,5.396825396825392
6,74,18.52244621608112,7.301587301587304
7,86,19.621742285044647,9.417989417989418
8,98,19.999921805615514,10.476190476190482
9,108,19.753378575672155,10.264550264550266
10,115,19.27965992304896,13.227513227513228
11,123,18.44292664877761,11.534391534391531
12,131,17.304436800330535,12.38095238095238
13,139,15.88281794170252,13.015873015873012
14,147,14.201330092560333,13.015873015873012
15,155,12.287485156114235,13.015873015873012
16,163,10.172596779190652,13.015873015873012
17,171,7.891268009534553,15.132275132275126
18,179,5.480825133109652,14.708994708994709
19,187,2.9807069547481584,13.015873015873012
20,195,0.4318195145219192,14.285714285714292
21,203,-2.124133202265131,12.80423280423281
22,211,-4.645331610779146,11.957671957671963
23,219,-7.090524763756797,10.476190476190482
24,227,-9.419705284760923,9.841269841269835
25,235,-11.594763954574855,7.301587301587304
26,243,-13.580113240626726,6.031746031746039
27,250,-15.136049906158565,4.1269841269841265
28,258,-16.680986697782135,3.915343915343918
29,266,-17.952995146976537,0.952380952380949
30,274,-18.931263106122195,-0.10582010582010781
31,282,-19.599784504512463,-3.7037037037037024
32,290,-19.947621233961865,-3.492063492063494
33,298,-19.969082114222807,-4.338624338624342
34,306,-19.663816010042755,-5.6084656084656075
35,314,-19.036817576313716,-6.455026455026456
36,322,-18.098345537314046,-5.396825396825399
37,329,-17.033627134623444,-7.301587301587304
38,337,-15.556344961430517,-6.455026455026456
39,345,-13.824535431942541,-8.148148148148145
40,353,-11.866533794718208,-8.35978835978836
41,361,-9.71437617274012,-9.629629629629626
42,369,-7.4032753998205,-9.20634920634921
43,377,-4.971044880799693,-10.264550264550266
44,385,-2.4574799021310008,-9.629629629629626
45,393,0.09629348437310821,-9.417989417989418
46,402,2.965320606272318,-8.148148148148145
47,410,5.465859899540248,-6.666666666666664
48,418,7.87696874667458,-5.396825396825399
49,426,10.159197446468342,-3.7037037037037024
50,434,12.275204988622558,-3.915343915343918
51,442,14.190370014010762,-2.6455026455026456
52,450,15.873357276983063,0.10582010582010781
53,458,17.29663034145601,0.31746031746031633
54,465,18.31052881662179,2.2222222222222214
55,473,19.18770393255769,2.2222222222222214
56,481,19.7509366945901,3.492063492063494
57,489,19.991011689570602,5.1851851851851904
58,497,19.904000896236077,6.455026455026456
59,505,19.4913279540887,6.24338624338624
60,513,18.75974487031523,6.455026455026456
61,521,17.721221545858644,7.089947089947088
62,529,16.392749928177036,7.301587301587304
63,537,14.79606599507238,8.148148148148152
64,545,12.957294118390353,8.57142857142857
65,553,10.906519626385233,8.783068783068785
66,561,8.67729655833178,8.994708994709
67,569,6.306098665327107,9.629629629629633
68,577,3.8317226398111313,11.957671957671963
69,585,1.2946533379513179,11.534391534391531
70,593,-1.2635986191044515,10.264550264550266
71,601,-3.8011760271748294,11.322751322751316
72,609,-6.276559951659716,9.841269841269835
73,617,-8.649249045508983,8.359788359788354
74,625,-10.880422217787395,6.031746031746039
75,633,-12.933573810489525,5.6084656084656075
76,641,-14.775110891068607,3.0687830687830697
77,649,-16.3749028879925,1.7989417989417973
78,657,-17.70677457638617,1.3756613756613731
79,665,-18.748934347705866,0.529100529100532
80,673,-19.484330756249605,-3.0687830687830697
81,681,-19.90093150881744,-2.6455026455026456
82,689,-19.991920332792347,-4.338624338624342
83,697,-19.75580850155659,-4.973544973544975
84,705,-19.196459192504566,-5.6084656084656075
85,713,-18.323024279114996,-6.455026455026456
86,720,-17.31223278616316,-7.936507936507937
87,728,-15.892268993776407,-7.301587301587304
88,736,-14.212281576139326,-6.666666666666664
89,744,-12.299757886938163,-7.724867724867728
90,752,-10.185989955224153,-8.57142857142857
91,760,-7.905562496418195,-10.05291005291005
92,768,-5.495787049558002,-9.629629629629626
93,776,-2.9960914992318077,-8.783068783068785
94,784,-0.4473749706225866,-7.089947089947088
95,792,2.1086613473605182,-8.994708994708994
96,799,4.318310710736038,-5.820105820105823
97,807,6.775778192023974,-5.6084656084656075
98,815,9.122382812252068,-5.396825396825399
99,823,11.319730265319734,-2.857142857142854
100,831,13.331868337549652,-2.6455026455026456
101,840,15.333284441317325,-2.2222222222222214
102,848,16.847004564557025,0.10582010582010781
103,856,18.08508002036752,2.2222222222222214
104,864,19.02725386063905,2.857142857142854
105,872,19.658110573737662,3.915343915343918
106,880,19.96732830759695,5.1851851851851904
107,888,19.94984775217243,5.396825396825392
108,895,19.666650877568305,6.24338624338624
109,903,19.041582153318636,6.455026455026456
110,911,18.104961867492275,6.24338624338624
111,919,16.87211466645023,6.24338624338624
112,927,15.363211955466358,6.878306878306873
113,935,13.60294186140371,8.359788359788354
114,944,11.35818112936973,8.148148148148152
115,952,9.163897240874217,8.994708994709
116,959,7.119613335612921,9.206349206349202
117,967,4.67559338473391,9.629629629629633
118,975,2.155073045988881,11.111111111111114
119,983,-0.4007078276940304,10.264550264550266
120,991,-2.9499324631164403,9.417989417989418
121,999,-5.450891357907128,9.417989417989418
122,1007,-7.862664716492491,8.359788359788354
123,1015,-10.145791965166781,6.031746031746039
124,1023,-12.262917391895357,4.1269841269841265
125,1031,-14.179401347123878,4.338624338624342
126,1039,-15.863887005343813,3.2804232804232782
127,1047,-17.2888134142642,0.31746031746031633
128,1055,-18.430866437262544,-0.529100529100532
129,1063,-19.271360210955557,-1.3756613756613731
130,1071,-19.79654287661736,-4.1269841269841265
131,1079,-19.99782158317695,-5.185185185185183
132,1089,-19.78942281078126,-6.031746031746032
133,1097,-19.258030400545255,-7.089947089947088
134,1105,-18.411544979871802,-6.666666666666664
135,1113,-17.263816440673196,-7.724867724867728
136,1120,-16.027087533111384,-7.724867724867728
137,1128,-14.368784862336723,-9.20634920634921
138,1136,-12.475385269164725,-8.148148148148145
139,1144,-10.377867881022535,-9.841269841269842
140,1152,-8.110551527745214,-9.629629629629626
141,1160,-5.710533229147824,-10.899470899470899
142,1168,-3.2170812268460134,-8.57142857142857
143,1176,-0.6709924913214727,-8.57142857142857
144,1184,1.8860747835279112,-8.35978835978836
145,1192,4.412282776867637,-8.57142857142857
146,1199,6.564882021310904,-5.820105820105823
147,1207,8.922736028576498,-5.6084656084656075
148,1215,11.134599418000752,-4.973544973544975
149,1223,13.164282471343824,-1.7989417989417973
150,1231,14.978576239912103,-1.1640211640211646
151,1239,16.547795897507577,0.31746031746031633
152,1247,17.846266432944507,1.7989417989417973
153,1255,18.85274273540595,3.0687830687830697
154,1263,19.550757199353885,3.2804232804232782
155,1271,19.92888916160519,4.550264550264544
156,1279,19.980951762140943,5.6084656084656075
157,1287,19.706093171298775,5.820105820105823
158,1295,19.10881052710535,6.878306878306873
159,1303,18.198876354711302,7.089947089947088
160,1311,16.991178671827495,7.089947089947088
161,1319,15.505477396300316,6.878306878306873
162,1327,13.766081041398259,8.994708994709
163,1334,12.058279507986374,9.629629629629633
164,1342,9.922821499985526,9.841269841269835
165,1350,7.625009833098803,9.417989417989418
166,1358,5.202440480563279,9.841269841269835
167,1366,2.6947506562792043,10.687830687830683
168,1374,0.1429702848828309,10.264550264550266
169,1382,-2.4111493152159853,10.899470899470899
170,1390,-4.925818551983631,10.05291005291005
171,1398,-7.359893306131225,8.994708994709
172,1405,-9.392243047736663,6.455026455026456
173,1413,-11.569394545079456,4.973544973544975
174,1421,-13.557251743871113,3.2804232804232782
175,1429,-15.323290035101284,3.0687830687830697
176,1437,-16.838614131445276,1.1640211640211646
177,1445,-18.07843084162783,0.529100529100532
178,1453,-19.02245472775749,-0.31746031746031633
179,1461,-19.65524000841119,-1.3756613756613731
180,1469,-19.966433276989473,-3.7037037037037024
181,1477,-19.95094290045486,-5.6084656084656075
182,1485,-19.609022326811814,-6.666666666666664
183,1493,-18.94626593828111,-7.301587301587304
184,1501,-17.973517518017395,-8.148148148148145
185,1509,-16.706692828004808,-7.513227513227513
186,1517,-15.16651920104793,-8.35978835978836
187,1525,-13.378196407560486,-7.513227513227513
188,1532,-11.632765419024384,-8.148148148148145
189,1540,-9.460855861880791,-7.936507936507937
190,1548,-7.134151162511726,-10.68783068783069
191,1556,-4.690720031625135,-10.68783068783069
192,1564,-2.1705410160824807,-9.629629629629626
193,1572,0.38515161579635077,-10.264550264550266
194,1580,2.934542534593834,-7.301587301587304
195,1588,5.435919517269597,-7.089947089947088
196,1595,7.553032051821422,-6.455026455026456
197,1603,9.855200786121143,-5.185185185185183
198,1611,11.99612224748705,-4.1269841269841265
199,1619,13.940767444150964,-2.857142857142854
200,1627,15.657318786437038,-0.7407407407407405
201,1635,17.117690674792165,0.529100529100532
202,1643,18.297989026327826,2.2222222222222214
203,1651,19.178902221264412,3.7037037037037024
204,1659,19.746017072751883,5.1851851851851904
205,1667,19.99005465028165,5.396825396825392
206,1675,19.90702209823118,5.396825396825392
207,1683,19.498277965540623,6.455026455026456
208,1691,18.77050997762058,7.301587301587304
209,1699,17.735625614179227,6.666666666666671
210,1707,16.410557283295123,8.148148148148152
211,1715,14.816985279408026,8.148148148148152
212,1723,12.980983058089974,9.629629629629633
213,1730,11.199139716410613,8.57142857142857
214,1738,8.992293098775901,10.264550264550266
215,1746,6.6383177953775085,9.417989417989418
216,1754,4.175728708799774,11.111111111111114
217,1762,1.644817841527967,10.05291005291005
218,1772,-1.5517612113255401,10.264550264550266
219,1780,-4.084385690741494,10.687830687830683
220,1788,-6.55018291127811,10.05291005291005
221,1796,-8.908808380108896,8.783068783068785
222,1804,-11.121671110304714,6.878306878306873
223,1812,-13.15256503276919,4.338624338624342
224,1819,-14.754120018126713,3.0687830687830697
225,1827,-16.357016205947247,0.529100529100532
226,1835,-17.692284740736337,0.529100529100532
227,1843,-18.73807843596357,-0.31746031746031633
228,1851,-19.47728638896279,-3.2804232804232782
229,1859,-19.89781394340593,-4.338624338624342
230,1867,-19.992780577747162,-4.761904761904759
231,1875,-19.760632481857236,-6.455026455026456
232,1883,-19.205167979909493,-7.724867724867728
233,1891,-18.335475383557277,-8.994708994708994
234,1899,-17.165784292226924,-9.417989417989418
235,1907,-15.71523277349769,-7.936507936507937
236,1915,-14.007554232880148,-8.57142857142857
237,1923,-12.070689096317722,-9.417989417989418
238,1930,-10.212757804805044,-10.264550264550266
239,1938,-7.934137107653991,-11.111111111111114
240,1946,-5.525700894872462,-11.111111111111114
241,1954,-3.0268551389793483,-11.111111111111114
242,1962,-0.478485061124833,-10.264550264550266
243,1970,2.0777138182853654,-6.87830687830688
244,1978,4.59991788679255,-7.301587301587304
245,1986,7.046859742883997,-5.6084656084656075
246,1994,9.378503398467208,-5.185185185185183
247,2002,11.556699333397821,-3.2804232804232782
248,2009,13.308655861978828,-2.857142857142854
249,2017,15.105498165142459,-0.952380952380949
250,2025,16.655189706155596,0.31746031746031633
251,2033,17.932374985896505,2.010582010582013
252,2041,18.916157155294446,4.550264550264544
253,2049,19.59043992210546,3.7037037037037024
254,2057,19.94419091269311,5.1851851851851904
255,2065,19.971622179782877,6.031746031746039
256,2073,19.672284902786792,6.878306878306873
257,2081,19.0510767312455,7.301587301587304
258,2089,18.118161651236917,7.301587301587304
259,2097,16.88880368586873,8.783068783068785
260,2104,15.585639024978855,7.724867724867721
261,2112,13.858228786876781,8.359788359788354
262,2120,11.904075162407201,10.05291005291005
263,2128,9.755151314743335,9.206349206349202
264,2136,7.446617167837841,9.629629629629633
265,2144,5.016244132313561,10.264550264550266
266,2152,2.5037971031427064,11.322751322751316
267,2160,-0.04961615935237597,10.264550264550266
268,2168,-2.6022176199813525,10.264550264550266
269,2175,-4.80223195907549,10.476190476190482
270,2183,-7.241273258748702,8.783068783068785
271,2191,-9.561835433452066,8.359788359788354
272,2199,-11.725950274270824,6.455026455026456
273,2207,-13.698209307651705,5.820105820105823
274,2215,-15.446343136191903,4.550264550264544
275,2223,-16.94174941898605,3.2804232804232782
276,2231,-18.159960852905407,2.010582010582013
277,2239,-19.08104549786683,0.529100529100532
278,2247,-19.689932896112584,-1.3756613756613731
279,2255,-19.97666064965387,-4.1269841269841265
280,2263,-19.936537421466063,-5.185185185185183
281,2271,-19.570219693468413,-6.031746031746032
282,2279,-18.883701025401486,-6.666666666666664
283,2287,-17.888213990344855,-7.089947089947088
284,2294,-16.7763971960446,-7.936507936507937
285,2302,-15.24926783109355,-8.994708994708994
286,2310,-13.47263539610216,-7.513227513227513
287,2318,-11.475568515988915,-6.455026455026456
288,2326,-9.290742485278326,-10.476190476190474
289,2334,-6.9539046466103365,-10.05291005291005
290,2342,-4.503289505496432,-8.35978835978836
291,2350,-1.978993151005791,-8.57142857142857
292,2357,0.2577560025689316,-8.35978835978836
293,2365,2.808450533660356,-8.35978835978836
294,2373,5.313194200883029,-7.301587301587304
295,2381,7.731005283569427,-4.550264550264551
296,2389,10.022324420930193,-6.24338624338624
297,2397,12.149661868175741,-4.338624338624342
298,2405,14.078210890321895,-2.857142857142854
299,2413,15.776417257547363,-1.7989417989417973
300,2421,17.216495524224335,0.529100529100532
301,2429,18.37488364444909,1.5873015873015888
302,2437,19.232628485815827,3.0687830687830697
303,2445,19.77569593379506,3.0687830687830697
304,2455,19.998981558290406,4.973544973544975
305,2463,19.809609305501212,5.396825396825392
306,2471,19.29611930537045,7.301587301587304
307,2479,18.466913097754766,6.666666666666671
308,2486,17.492914346944257,7.51322751322752
309,2494,16.112201406929188,8.57142857142857
310,2502,14.46786638612551,7.51322751322752
311,2510,12.58681330644476,8.57142857142857
312,2518,10.499819286073127,8.359788359788354
313,2526,8.241030975263344,9.629629629629633
314,2534,5.847405861047617,9.206349206349202
315,2542,3.358107582043713,9.417989417989418
316,2549,1.1334822722637887,10.264550264550266
317,2557,-1.4247023785570234,10.05291005291005
318,2565,-3.9595765582600717,8.994708994709
319,2573,-6.429665561501647,9.417989417989418
320,2581,-8.794554674840555,7.089947089947088
321,2589,-11.015550427834897,7.51322751322752
322,2597,-13.056313681776075,5.820105820105823
323,2605,-14.883454197688444,3.915343915343918
324,2613,-16.467076955485485,3.7037037037037024
325,2621,-17.78127128560374,1.7989417989417973
326,2629,-18.80453481011753,-0.31746031746031633
327,2637,-19.520125256961446,-2.6455026455026456
328,2645,-19.916334391002053,-2.2222222222222214
329,2653,-19.98667957999654,-4.761904761904759
330,2660,-19.779884890365945,-5.185185185185183
331,2668,-19.24034038888495,-5.396825396825399
332,2676,-18.385992314614732,-6.455026455026456
333,2684,-17.23081920539557,-7.513227513227513
334,2692,-15.793721590772273,-7.724867724867728
335,2700,-14.098212748284961,-8.148148148148145
336,2708,-12.172033987625799,-9.417989417989418
337,2716,-10.046700757244778,-9.629629629629626
338,2724,-7.756986999846057,-10.264550264550266
339,2732,-5.340356193565928,-10.68783068783069
340,2740,-2.836348387933291,-10.68783068783069
341,2747,-0.6058503084673835,-9.629629629629626
342,2755,1.9509496235524209,-8.783068783068785
343,2764,4.787126472315183,-7.724867724867728
344,2771,6.92747609530592,-6.24338624338624
345,2779,9.26577848755971,-5.6084656084656075
346,2787,11.452477523864435,-3.492063492063494
347,2795,13.451795216132048,-3.492063492063494
348,2803,15.231019442854027,-1.7989417989417973
349,2811,16.761039173141917,-0.10582010582010781
350,2819,18.01682077101021,1.7989417989417973
351,2827,18.977817586781114,2.6455026455026456
352,2835,19.628306134023042,2.6455026455026456
353,2843,19.957643351615904,5.6084656084656075
354,2851,19.960440741713235,6.878306878306873
355,2859,19.636652534418083,6.878306878306873
356,2867,18.991576436653666,6.666666666666671
357,2875,18.035766952976186,6.878306878306873
358,2882,16.95670888574751,6.666666666666671
359,2890,15.464228695347158,8.783068783068785
360,2898,13.718728322074302,8.783068783068785
361,2906,11.748767019180447,9.841269841269835
362,2914,9.586576589423384,10.05291005291005
363,2922,7.26753401983041,9.629629629629633
364,2930,4.829582656080575,9.841269841269835
365,2937,2.630155350011472,10.476190476190482
366,2945,0.07779588075495504,10.476190476190482
367,2953,-2.475836456897596,10.476190476190482
368,2961,-4.988960043326419,9.841269841269835
369,2969,-7.420456048621123,10.05291005291005
370,2977,-9.730541204179465,7.301587301587304
371,2985,-11.881418722329375,6.878306878306873
372,2993,-13.837896713859955,3.7037037037037024
373,3001,-15.567963985134883,2.6455026455026456
374,3009,-17.043313793801637,2.2222222222222214
375,3017,-18.239806993592794,0.952380952380949
376,3025,-19.137866990409755,-0.31746031746031633
377,3033,-19.72280004755852,-2.433862433862437
378,3040,-19.970101723349856,-2.857142857142854
379,3048,-19.946274836119336,-4.550264550264551
380,3056,-19.59609412898065,-5.820105820105823
381,3064,-18.925289133506563,-6.87830687830688
382,3072,-17.944835321281886,-9.841269841269842
383,3080,-16.67077452716009,-7.724867724867728
384,3088,-15.123952478494935,-10.899470899470899
385,3096,-13.329677724799932,-9.20634920634921
386,3104,-11.31730754830669,-11.111111111111114
387,3112,-9.119767630605567,-10.899470899470899
388,3119,-7.073225457603617,-11.746031746031747
389,3127,-4.627337721226973,-10.476190476190474
390,3137,-1.4683269019861838,-11.534391534391531
391,3145,1.089810814883819,-8.994708994708994
392,3153,3.630117436707918,-7.089947089947088
393,3161,6.1110293744660185,-6.666666666666664
394,3169,8.49195483373057,-6.455026455026456
395,3177,10.73393796309916,-3.2804232804232782
396,3185,12.800296235912011,-2.6455026455026456
397,3193,14.657220636642572,-1.5873015873015888
398,3201,16.274328831925928,-0.529100529100532
399,3209,17.625162275438434,1.5873015873015888
400,3217,18.687619113176176,2.2222222222222214
401,3225,19.444315806090778,3.492063492063494
402,3232,19.845746531165865,3.2804232804232782
403,3240,19.99986152569184,5.1851851851851904
404,3248,19.826745934047175,6.031746031746039
405,3256,19.32923221166948,7.301587301587304
406,3264,18.5154605002688,6.455026455026456
407,3272,17.39874544173849,7.089947089947088
408,3280,15.997358328743196,7.089947089947088
409,3288,14.334228156358629,8.57142857142857
410,3296,12.436566466049129,8.994708994709
411,3303,10.608047078582883,9.629629629629633
412,3311,8.356956008364605,8.57142857142857
413,3319,5.969131410781326,10.899470899470899
414,3327,3.4836420184708263,10.476190476190482
415,3335,0.9411545205360193,10.899470899470899
416,3343,-1.6167318112875384,9.841269841269835
417,3351,-4.148165755047872,8.994708994709
418,3359,-6.6117288933122,9.206349206349202
419,3367,-8.967113286509687,9.206349206349202
420,3375,-11.175780977032325,6.878306878306873
421,3383,-13.20159453352353,4.973544973544975
422,3391,-15.011408318614185,3.7037037037037024
423,3399,-16.57561080599477,2.433862433862437
424,3407,-17.868609073625414,0.10582010582010781
425,3415,-18.869247545979217,-1.3756613756613731
426,3422,-19.491986272804212,-2.857142857142854
427,3430,-19.904288253645596,-3.2804232804232782
428,3438,-19.9909233840349,-4.338624338624342
429,3446,-19.750474170932787,-6.031746031746032
430,3454,-19.186874758425542,-5.820105820105823
431,3462,-18.309346558665602,-7.301587301587304
432,3470,-17.132247374421745,-7.089947089947088
433,3478,-15.67483648184177,-8.994708994708994
434,3485,-14.188299093504998,-8.35978835978836
435,3493,-12.272884881924483,-8.783068783068785
436,3501,-10.15666611433452,-8.148148148148145
437,3509,-7.8742676058566685,-10.05291005291005
438,3517,-5.4630331451389,-10.68783068783069
439,3525,-2.962414488632727,-10.05291005291005
440,3533,-0.413325865054511,-9.841269841269842
441,3541,2.14252544860171,-8.57142857142857
442,3549,4.663321526623884,-7.301587301587304
443,3557,7.107818004536375,-6.455026455026456
444,3565,9.43601890465045,-4.973544973544975
445,3573,11.609831035956326,-3.915343915343918
446,3580,13.35723581237624,-3.492063492063494
447,3588,15.14813438614916,-0.529100529100532
448,3596,16.691184599162003,-0.10582010582010781
449,3604,17.961139615328115,0.529100529100532
450,3612,18.937220884565214,3.0687830687830697
451,3620,19.603458114005402,4.1269841269841265
452,3628,19.948950568219168,3.915343915343918
453,3636,19.968045423152475,5.1851851851851904
454,3644,19.66043025561355,6.031746031746039
455,3652,19.031138155029524,7.089947089947088
456,3659,18.22459978740962,6.878306878306873
457,3667,17.023925904547575,7.936507936507937
458,3675,15.544712630524531,8.783068783068785
459,3683,13.811162324247219,9.206349206349202
460,3692,11.592369479152943,8.57142857142857
461,3702,8.84777358830258,9.841269841269835
462,3711,6.182263897364784,9.629629629629633
463,3720,3.3887801508849584,10.687830687830683
464,3729,0.5251480014175771,10.05291005291005
465,3738,-2.3493548130063377,9.841269841269835
466,3747,-5.1752255294935345,8.994708994709
467,3755,-7.598950781519882,7.936507936507937
468,3763,-9.898344716785646,7.724867724867721
469,3771,-12.035785473544053,4.550264550264544
470,3779,-13.976301010071682,2.857142857142854
471,3787,-15.68814130471586,1.7989417989417973
472,3795,-17.143297838401228,0.10582010582010781
473,3803,-18.317961860008374,0.31746031746031633
474,3811,-19.19291393665021,-3.2804232804232782
475,3819,-19.753838415163692,-4.1269841269841265
476,3829,-19.999913372562645,-5.396825396825399
477,3837,-19.82878349137406,-5.820105820105823
478,3845,-19.33322214166767,-6.87830687830688
479,3852,-18.63971670665834,-6.24338624338624
480,3860,-17.561774046695447,-7.513227513227513
481,3868,-16.196491916501017,-8.57142857142857
482,3876,-14.566208574326376,-8.783068783068785
483,3884,-12.697598133539698,-8.35978835978836
484,3892,-10.62123413031661,-10.264550264550266
485,3900,-8.37108929036851,-9.629629629629626
486,3908,-5.983979679346608,-10.899470899470899
487,3915,-3.8135658805546186,-8.994708994708994
488,3923,-1.2761938038525111,-10.264550264550266
489,3931,1.2820588997462143,-8.783068783068785
490,3939,3.8193350138455417,-7.724867724867728
491,3947,6.294120533509641,-6.24338624338624
492,3955,8.665923902574185,-6.455026455026456
493,3963,10.895938522016307,-3.915343915343918
494,3971,12.947677689658,-2.6455026455026456
495,3979,14.787571582546537,-1.5873015873015888
496,3987,16.385516514399473,0.10582010582010781
497,3994,17.564585481838456,1.7989417989417973
498,4002,18.641846329615426,3.7037037037037024
499,4010,19.414095950494378,2.2222222222222214
500,4018,19.8686990721867,3.915343915343918
501,4026,19.998217640894115,4.973544973544975
502,4034,19.800532520086406,5.6084656084656075
503,4042,19.27887816305597,6.878306878306873
504,4050,18.441789691949044,6.455026455026456
505,4058,17.302963249147663,7.724867724867721
506,4066,15.881031905883141,8.783068783068785
507,4074,14.199260794584172,8.359788359788354
508,4081,12.536096813997748,8.148148148148152
509,4089,10.44429231928186,8.57142857142857
510,4097,8.181602046512673,9.417989417989418
511,4105,5.785047325229376,9.629629629629633
512,4113,3.293839727233514,9.206349206349202
513,4121,0.7487395008656925,10.264550264550266
514,4129,-1.80861133360944,10.264550264550266
515,4137,-4.3363703158566995,8.783068783068785
516,4145,-6.793179156849835,8.783068783068785
517,4153,-9.138840428415925,6.878306878306873
518,4161,-11.334975259187967,7.089947089947088
519,4169,-13.345651275981272,5.396825396825392
520,4177,-15.137970516440987,3.7037037037037024
521,4185,-16.68260769374414,2.6455026455026456
522,4192,-17.811013069929068,1.1640211640211646
523,4200,-18.826630353984598,1.1640211640211646
524,4208,-19.534213040978624,-2.6455026455026456
525,4216,-19.922183915882343,-4.338624338624342
526,4224,-19.984195137904514,-5.185185185185183
527,4232,-19.719232101593732,-5.185185185185183
528,4240,-19.131630037450165,-7.301587301587304
529,4248,-18.231003080433595,-7.301587301587304
530,4256,-17.032086966923345,-7.301587301587304
531,4264,-15.554497933866326,-8.57142857142857
532,4272,-13.822411764919112,-7.089947089947088
533,4279,-12.120254320025786,-9.417989417989418
534,4287,-9.990292076054605,-8.994708994708994
535,4295,-7.696872243746437,-10.05291005291005
536,4303,-5.27751893871066,-10.264550264550266
537,4311,-2.7718167550277744,-10.264550264550266
538,4319,-0.2207630962689147,-7.301587301587304
539,4327,2.3339026093685757,-8.783068783068785
540,4335,4.8503818346673,-7.089947089947088
541,4343,7.287500845953009,-5.396825396825399
542,4350,9.323488123743441,-4.1269841269841265
543,4358,11.505848619775211,-2.857142857142854
544,4366,13.499954532973844,-2.857142857142854
545,4374,15.273179015097204,-1.7989417989417973
546,4382,16.796509200933606,0.529100529100532
547,4390,18.04502090643296,1.5873015873015888
548,4398,18.998286429298094,3.2804232804232782
549,4406,19.64070877974872,4.550264550264544
550,4414,19.961776872893722,4.761904761904759
551,4422,19.9562375073454,5.6084656084656075
552,4429,19.683410066306827,6.031746031746039
553,4437,19.069927502465113,7.089947089947088
554,4445,18.14442960057483,6.878306878306873
555,4453,16.922059026526252,8.359788359788354
556,4461,15.422815770766805,7.724867724867721
557,4469,13.671229915605522,8.148148148148152
558,4477,11.695960282773562,8.57142857142857
559,4485,9.529325528025934,8.994708994709
560,4493,7.206775354846982,9.417989417989418
561,4501,4.766310499071991,11.957671957671963
562,4511,1.610873847081886,11.111111111111114
563,4519,-0.9470250971321986,12.38095238095238
564,4527,-3.4894291551814574,10.899470899470899
565,4535,-5.974740420543919,8.359788359788354
566,4543,-8.36229511856613,8.57142857142857
567,4551,-10.613028932610465,7.51322751322752
568,4559,-12.69011616044205,5.396825396825392
569,4567,-14.55957224320693,4.1269841269841265
570,4575,-16.19080980863767,2.433862433862437
571,4582,-17.401643069062814,0.952380952380949
572,4590,-18.517681724032943,0.952380952380949
573,4598,-19.330740689004095,-1.5873015873015888
574,4606,-19.827516983785276,-2.857142857142854
575,4614,-19.999882532193155,-4.973544973544975
576,4622,-19.845017150729525,-4.550264550264551
577,4630,-19.365454691415753,-5.820105820105823
578,4638,-18.56904158381162,-7.301587301587304
579,4645,-17.622383776201666,-7.724867724867728
580,4654,-16.082756924827518,-7.724867724867728
581,4661,-14.653221333060815,-8.783068783068785
582,4669,-12.79577991800622,-9.20634920634921
583,4677,-10.72897852524874,-8.783068783068785
584,4685,-8.486633420485088,-9.20634920634921
585,4693,-6.105433052887078,-10.05291005291005
586,4701,-3.6243377718090257,-10.476190476190474
587,4709,-1.0839423714763505,-8.994708994708994
588,4717,1.4741881065286253,-9.20634920634921
589,4725,4.008198445621366,-5.396825396825399
590,4733,6.476628074309485,-6.031746031746032
591,4741,8.83908942924516,-4.761904761904759
592,4749,11.05692876210178,-3.915343915343918
593,4757,13.093858578388915,-2.010582010582013
594,4765,14.916551360467711,-1.3756613756613731
595,4773,16.49518486048298,0.529100529100532
596,4781,17.80393004132389,2.433862433862437
597,4789,18.821373682097665,3.915343915343918
598,4797,19.53086873359657,3.492063492063494
599,4805,19.920806691367275,4.761904761904759
600,4812,19.994719434337927,5.1851851851851904
601,4820,19.77248311459174,5.820105820105823
602,4828,19.22673649297044,6.666666666666671
603,4836,18.36640888064273,6.666666666666671
604,4844,17.20557665051345,6.455026455026456
605,4852,15.76323292464112,7.936507936507937
606,4860,14.062976815563113,8.57142857142857
607,4868,12.132627306050844,9.206349206349202
608,4876,10.003768084856379,9.841269841269835
609,4884,7.71123078568535,9.417989417989418
610,4892,5.292525084455365,9.841269841269835
611,4899,3.1037320168443996,11.111111111111114
612,4907,0.5562550548111188,10.476190476190482
613,4915,-2.000323153618913,8.994708994709
614,4923,-4.524172789541152,10.05291005291005
615,4931,-6.973999527256969,8.783068783068785
616,4939,-9.309720177271807,7.936507936507937
617,4947,-11.493118513115625,5.820105820105823
618,4955,-13.488470551581624,4.973544973544975
619,4963,-15.263129055771426,3.0687830687830697
620,4971,-16.78805769751682,1.5873015873015888
621,4979,-18.03830613940343,0.529100529100532
622,4987,-18.99341826327405,0.952380952380949
623,4994,-19.574628511920096,-2.433862433862437
624,5002,-19.938232306538456,-3.915343915343918
625,5010,-19.97561387024318,-5.185185185185183
626,5018,-19.686161579249408,-6.455026455026456
627,5026,-19.074611348489782,-6.666666666666664
628,5034,-18.150969144266973,-7.301587301587304
629,5042,-16.930347270209268,-7.513227513227513
630,5050,-15.432717105159837,-7.724867724867728
631,5058,-13.682582338614049,-8.57142857142857
632,5065,-11.966499915407232,-7.724867724867728
633,5073,-9.822991694422244,-7.513227513227513
634,5081,-7.518763194150024,-8.783068783068785
635,5089,-5.091515377762073,-10.264550264550266
636,5097,-2.580962006512073,-10.264550264550266
637,5105,-0.02817985736827773,-9.417989417989418
638,5113,2.5250633605300674,-9.20634920634921
639,5121,5.036992394201546,-6.666666666666664
640,5129,7.466507958580772,-4.761904761904759
641,5137,9.77385918833248,-4.550264550264551
642,5145,11.921294027301244,-4.1269841269841265
643,5153,13.873676914162484,-3.2804232804232782
644,5161,15.599063657918856,-0.10582010582010781
645,5169,17.06922409733624,0.7407407407407405
646,5177,18.260103992752146,2.6455026455026456
647,5185,19.152218592947918,3.492063492063494
648,5195,19.825471959279312,5.6084656084656075
649,5203,19.999823153086705,5.396825396825392
650,5211,19.84694438856231,5.6084656084656075
651,5218,19.446579972786708,6.455026455026456
652,5226,18.69106641369026,6.878306878306873
653,5234,17.629736306271752,6.24338624338624
654,5242,16.279954754420775,7.51322751322752
655,5252,14.221158408958859,10.05291005291005
656,5260,12.309707282214799,9.629629629629633
657,5267,10.47081790296495,10.264550264550266
658,5275,8.209987652348788,10.264550264550266
659,5284,5.507920766956177,9.629629629629633
660,5291,3.324529237867397,10.687830687830683
661,5299,0.7798351984774472,11.534391534391531
662,5307,-1.7776182257105653,10.264550264550266
663,5315,-4.305986895824673,9.841269841269835
664,5323,-6.763902547343941,8.783068783068785
665,5331,-9.1111496428572,8.359788359788354
666,5339,-11.309323364312814,6.24338624338624
667,5347,-13.322457978925442,4.761904761904759
668,5355,-15.117615297641434,2.857142857142854
669,5363,-16.665423598015742,2.433862433862437
670,5371,-17.940558193836885,0.31746031746031633
671,5379,-18.922155788591397,0.10582010582010781
672,5386,-19.52751260568502,-3.492063492063494
673,5394,-19.919417410323273,-3.2804232804232782
674,5402,-19.985407826655173,-4.1269841269841265
675,5410,-19.7244041430742,-5.820105820105823
676,5418,-19.140676808566273,-5.820105820105823
677,5426,-18.243776561149726,-7.513227513227513
678,5434,-17.04837816211337,-7.724867724867728
679,5442,-15.574040292817148,-7.724867724867728
680,5450,-13.844885542538176,-8.994708994708994
681,5457,-12.144992949131906,-9.629629629629626
682,5466,-9.738998969289138,-9.841269841269842
683,5473,-7.725584660610849,-9.417989417989418
684,5481,-5.307528027042816,-8.35978835978836
685,5489,-2.802631516849874,-8.783068783068785
686,5497,-0.25187935146147133,-8.994708994708994
687,5505,2.302993973851821,-8.148148148148145
688,5513,4.820186534873675,-7.936507936507937
689,5521,7.2585129265856905,-6.87830687830688
690,5529,9.578078124044305,-5.396825396825399
691,5537,11.740930230520119,-3.915343915343918
692,5545,13.711681432867858,-3.492063492063494
693,5553,15.458087004277171,-2.010582010582013
694,5561,16.95157288096818,0.31746031746031633
695,5570,18.299175073648286,1.1640211640211646
696,5577,19.08658001449274,2.6455026455026456
697,5585,19.693169047676424,3.915343915343918
698,5593,19.977545487400377,5.820105820105823
699,5601,19.935056467996287,5.6084656084656075
700,5609,19.566397179613713,6.24338624338624
701,5617,18.87759949376736,7.724867724867721
702,5625,17.879933272011158,7.089947089947088
703,5633,16.58972197249149,7.724867724867721
704,5641,15.028075571359105,8.783068783068785
705,5649,13.22054516888425,8.994708994709
706,5657,11.196704931486185,9.841269841269835
707,5665,8.989668209792303,10.476190476190482
708,5673,6.6355457498301345,9.841269841269835
709,5681,4.172854861907116,10.264550264550266
710,5689,1.6418892141457486,10.899470899470899
711,5697,-0.9159404381129492,10.899470899470899
712,5705,-3.458783800287785,10.687830687830683
713,5713,-5.945035778119696,9.629629629629633
714,5721,-8.334017205354021,8.57142857142857
715,5729,-10.586640421719691,7.301587301587304
716,5737,-12.666048811256339,5.820105820105823
717,5744,-14.316614220869951,4.338624338624342
718,5752,-15.982196366574748,3.2804232804232782
719,5760,-17.38628352749626,1.5873015873015888
720,5768,-18.505902531339636,0.952380952380949
721,5776,-19.3227345721249,-0.529100529100532
722,5784,-19.823414935943124,-3.0687830687830697
723,5792,-19.999751669628726,-4.338624338624342
724,5800,-19.848859614569335,-5.185185185185183
725,5808,-19.37320761263978,-5.6084656084656075
726,5815,-18.696597085522576,-7.089947089947088
727,5823,-17.637078166421205,-6.87830687830688
728,5831,-16.288987677995635,-7.089947089947088
729,5839,-14.674382594999024,-8.57142857142857
730,5847,-12.819680508726401,-7.936507936507937
731,5855,-10.755227391827793,-10.05291005291005
732,5863,-8.514801088349603,-9.629629629629626
733,5871,-6.135058652722812,-10.05291005291005
734,5886,-1.4343597016181286,-9.629629629629626
735,5894,1.1238156143203386,-5.820105820105823
736,5902,3.6636034608381123,-5.396825396825399
737,5909,5.838146145981909,-2.010582010582013
738,5917,8.232208074159471,-3.2804232804232782
739,5925,10.491577556085574,-1.5873015873015888
740,5933,12.57928759581392,-0.10582010582010781
741,5941,14.461179827838977,2.433862433862437
742,5949,16.1064634040639,2.010582010582013
743,5957,17.48821878265219,4.973544973544975
744,5965,18.583838175949968,4.1269841269841265
745,5973,19.375395451027348,5.820105820105823
746,5981,19.84993943065851,5.820105820105823
747,5989,19.999705795854595,7.724867724867721
748,5997,19.822244122875976,7.51322751322752
749,6005,19.32045797618969,8.148148148148152
750,6013,18.50255740138538,8.994708994709
751,6020,17.537978777884437,10.476190476190482
752,6028,16.1673336613351,10.264550264550266
753,6036,14.532164409755179,11.746031746031747
754,6044,12.659225078016279,11.534391534391531
755,6052,10.579160030060597,12.169312169312164
756,6060,8.326002546770667,11.746031746031747
757,6068,5.936617985591319,11.534391534391531
758,6076,3.450100602727147,11.746031746031747
759,6084,0.9071339068950914,11.322751322751316
760,6092,-1.650674989704565,11.746031746031747
761,6099,-3.868026309603919,11.534391534391531
762,6107,-6.341196287250179,10.687830687830683
763,6115,-8.71061387763944,9.206349206349202
764,6123,-10.937511517006817,8.783068783068785
765,6131,-12.985453502088259,5.396825396825392
766,6139,-14.82093213807494,4.761904761904759
767,6147,-16.413915979539798,2.433862433862437
768,6155,-17.738341194214133,1.5873015873015888
769,6163,-18.772538010095758,0.31746031746031633
770,6171,-19.499585268513542,-1.3756613756613731
771,6179,-19.90758728207785,-3.2804232804232782
772,6187,-19.98986846766596,-4.1269841269841265
773,6195,-19.745082569927256,-5.6084656084656075
774,6203,-19.177234688232062,-6.455026455026456
775,6211,-18.29561574666724,-8.35978835978836
776,6219,-17.11465047925692,-8.35978835978836
777,6227,-15.653661417619894,-10.476190476190474
778,6234,-14.164275469108746,-9.20634920634921
779,6242,-12.245976289268842,-10.264550264550266
780,6250,-10.127312822195176,-11.111111111111114
781,6258,-7.842949882308496,-11.534391534391531
782,6266,-5.4302633995813885,-10.899470899470899
783,6274,-2.9287288879305144,-11.534391534391531
784,6282,-0.3792755609667811,-10.68783068783069
785,6290,2.1763833371693293,-8.994708994708994
786,6298,4.696433028999732,-6.87830687830688
787,6306,7.1396413621529,-5.820105820105823
788,6314,9.466033435104254,-5.6084656084656075
789,6322,11.637545652227564,-3.492063492063494
790,6329,13.382564555272172,-2.6455026455026456
791,6337,15.170349702346805,-0.529100529100532
792,6345,16.709923009597667,-0.10582010582010781
793,6353,17.976094528827517,0.952380952380949
794,6361,18.948147614178673,2.857142857142854
795,6369,19.61017788048829,2.433862433862437
796,6377,19.951353425153993,4.338624338624342
797,6385,19.966092055852865,6.666666666666671
798,6393,19.654152624377122,5.820105820105823
799,6401,19.02063897221488,6.24338624338624
800,6409,18.07591642331991,6.24338624338624
801,6417,16.83544219038572,7.51322751322752
802,6425,15.319512469456033,7.724867724867721
803,6433,13.552930360819122,9.206349206349202
804,6440,11.824188290379249,9.841269841269835
805,6448,9.668403763945486,8.57142857142857
806,6456,7.354428270691975,8.994708994709
807,6464,4.920122250605717,9.206349206349202
808,6472,2.4053149487466476,9.206349206349202
809,6480,-0.14884725662474152,10.687830687830683
810,6488,-2.7005740763824537,10.264550264550266
811,6496,-5.208115068309476,9.206349206349202
812,6504,-7.630442742911123,8.57142857142857
813,6512,-9.927923840535662,7.51322751322752
814,6519,-11.806193380179103,4.973544973544975
815,6527,-13.770343846881799,4.761904761904759
816,6535,-15.509188869194402,3.7037037037037024
817,6543,-16.99427808633914,2.433862433862437
818,6551,-18.20131299932803,1.1640211640211646
819,6559,-19.110544534318812,0.10582010582010781
820,6569,-19.806118979819004,-2.433862433862437
821,6577,-19.998710904472986,-2.433862433862437
822,6585,-19.86409106900947,-5.6084656084656075
823,6593,-19.404462075062085,-7.301587301587304
824,6601,-18.627344207954675,-7.301587301587304
825,6609,-17.545452392480616,-6.87830687830688
826,6617,-16.176488155847785,-8.783068783068785
827,6624,-14.760654880108753,-7.301587301587304
828,6632,-12.917215545068643,-8.57142857142857
829,6640,-10.86242934599773,-8.57142857142857
830,6648,-8.629915960287956,-10.05291005291005
831,6656,-6.256202974037912,-10.476190476190474
832,6664,-3.7801282307443476,-11.322751322751323
833,6672,-1.2422043803878344,-10.05291005291005
834,6680,1.3160439740666632,-8.783068783068785
835,6687,3.5382735756728283,-8.57142857142857
836,6695,6.022072495852285,-6.87830687830688
837,6703,8.407340418192163,-6.031746031746032
838,6711,10.655050441461238,-5.185185185185183
839,6719,12.728426337608578,-2.6455026455026456
840,6727,14.593544271262777,-2.010582010582013
841,6735,16.219887849401672,-1.3756613756613731
842,6743,17.580847419668128,0.952380952380949
843,6751,18.654155447991446,1.7989417989417973
844,6759,19.42225085202119,1.7989417989417973
845,6767,19.87256632928015,3.492063492063494
846,6775,19.997733978875825,5.396825396825392
847,6783,19.79570585246146,6.24338624338624
848,6790,19.352996229971012,6.666666666666671
849,6798,18.55055441146198,6.031746031746039
850,6806,17.44459505179122,6.031746031746039
851,6814,16.05321346272282,6.24338624338624
852,6822,14.399174932526048,7.089947089947088
853,6830,12.5095422484652,8.57142857142857
854,6838,10.415232905146826,9.629629629629633
855,6846,8.150513243523163,8.994708994709
856,6854,5.752437797268514,8.994708994709
857,6862,3.260243019742885,9.841269841269835
858,6869,1.0343957996547168,11.322751322751316
859,6877,-1.5236647617310792,10.687830687830683
860,6885,-4.056795664855576,10.264550264550266
861,6893,-6.523550727243381,9.629629629629633
862,6901,-8.883569784201974,8.57142857142857
863,6909,-11.098239047411349,6.666666666666671
864,6917,-13.131322889927635,5.396825396825392
865,6925,-14.949556720560233,3.7037037037037024
866,6933,-16.523191247223853,3.0687830687830697
867,6941,-17.82647922422297,0.952380952380949
868,6949,-18.83809671948362,-0.952380952380949
869,6957,-19.54149200910864,-3.0687830687830697
870,6965,-19.925156390768375,-4.338624338624342
871,6973,-19.982812484974865,-4.1269841269841265
872,6980,-19.764959650698636,-6.031746031746032
873,6988,-19.213014267689672,-6.87830687830688
874,6996,-18.346712412119903,-6.87830687830688
875,7004,-17.180228205327005,-8.57142857142857
876,7012,-15.732647244991341,-8.994708994708994
877,7020,-14.027654333408863,-8.35978835978836
878,7028,-12.09314595522059,-7.936507936507937
879,7036,-9.960773845101446,-8.35978835978836
880,7044,-7.665427113390121,-9.417989417989418
881,7052,-5.24466140293533,-10.264550264550266
882,7060,-2.7380844170902376,-10.68783068783069
883,7067,-0.5066563777289318,-9.20634920634921
884,7075,2.0496843728612997,-8.783068783068785
885,7083,4.572488920316594,-8.148148148148145
886,7091,7.020480038302297,-5.820105820105823
887,7099,9.353604571077806,-5.185185185185183
888,7107,11.533688768915482,-4.338624338624342
889,7115,13.52506287335008,-3.0687830687830697
890,7123,15.295144733018098,-1.5873015873015888
891,7131,16.81497290117326,-0.7407407407407405
892,7139,18.05968049252713,0.7407407407407405
893,7147,19.008902046338562,2.010582010582013
894,7155,19.647106738803572,2.433862433862437
895,7163,19.96385249284359,3.492063492063494
896,7171,19.95395682763851,4.761904761904759
897,7179,19.617581652525626,5.6084656084656075
898,7187,18.96023061789692,6.031746031746039
899,7195,17.992659066438396,7.724867724867721
900,7202,16.90388145824304,6.878306878306873
901,7210,15.401110535586017,7.724867724867721
902,7218,13.646352146827565,8.57142857142857
903,7226,11.668317021559663,7.936507936507937
904,7234,9.499369063536147,8.148148148148152
905,7242,7.174995824046607,8.994708994709
906,7252,4.109091777749065,9.417989417989418
907,7260,1.5769251815906156,12.38095238095238
908,7268,-0.9810425007831696,10.05291005291005
909,7276,-3.5229587163916873,8.57142857142857
910,7283,-5.701253531008551,8.783068783068785
911,7291,-8.101700348207256,7.301587301587304
912,7299,-10.36959003992201,5.396825396825392
913,7307,-12.46781620557915,5.820105820105823
914,7315,-14.362048418579242,3.7037037037037024
915,7323,-16.021293928467138,3.0687830687830697
916,7331,-17.41840475323786,1.1640211640211646
917,7339,-18.530521864915237,0.31746031746031633
918,7347,-19.339449200797688,-2.010582010582013
919,7355,-19.8319513809327,-3.915343915343918
920,7363,-19.99997026067317,-4.973544973544975
921,7370,-19.87851634745678,-5.820105820105823
922,7378,-19.43492901534587,-6.455026455026456
923,7386,-18.67335432088713,-7.724867724867728
924,7394,-17.606252877038337,-8.57142857142857
925,7402,-16.25108421623302,-8.57142857142857
926,7410,-14.630021123751018,-7.301587301587304
927,7418,-12.769586854530415,-8.148148148148145
928,7426,-10.700221169149899,-7.936507936507937
929,7434,-8.455782289345592,-9.417989417989418
930,7442,-6.072992921888186,-10.05291005291005
931,7449,-3.9051664663939283,-9.417989417989418
932,7457,-1.36934460488314,-8.148148148148145
933,7465,1.188881983637878,-9.417989417989418
934,7473,3.7276565100586767,-7.089947089947088
935,7481,6.205440452956568,-6.455026455026456
936,7489,8.581693197037934,-5.185185185185183
937,7497,10.81753534419612,-3.0687830687830697
938,7505,12.876384844327443,-3.7037037037037024
939,7513,14.724555537760267,-2.2222222222222214
940,7521,16.331808316159837,-0.10582010582010781
941,7529,17.671845884011162,1.7989417989417973
942,7537,18.722743025569354,3.915343915343918
943,7544,19.391453568653432,4.338624338624342
944,7552,19.857802965814543,5.1851851851851904
945,7560,19.99924608818884,5.820105820105823
946,7568,19.813468693960964,8.359788359788354
947,7576,19.303510406456915,8.994708994709
948,7584,18.47771498091361,9.841269841269835
949,7592,17.349593786937803,8.57142857142857
950,7600,15.937604740305664,10.264550264550266
951,7608,14.264850301141848,10.687830687830683
952,7616,12.35869947972395,10.264550264550266
953,7624,10.25034003451825,11.322751322751316
954,7632,7.9742681892224265,10.687830687830683
955,7639,5.8743486005174,11.111111111111114
956,7647,3.385884039886487,12.592592592592595
957,7655,0.8420208547373711,11.746031746031747
958,7663,-1.7156191746918747,12.80423280423281
959,7671,-4.245188856361021,11.322751322751316
960,7679,-6.705300275227318,9.629629629629633
961,7687,-9.05570196751905,7.724867724867721
962,7695,-11.257937500799573,6.455026455026456
963,7703,-13.275974684370189,6.455026455026456
964,7711,-15.076795115096173,4.761904761904759
965,7719,-16.630934412717817,3.0687830687830697
966,7727,-17.912964305509426,1.5873015873015888
967,7735,-18.901908678573026,-0.10582010582010781
968,7743,-19.581586777533293,-2.6455026455026456
969,7750,-19.91373973778359,-2.857142857142854
970,7758,-19.987688053835242,-3.7037037037037024
971,7766,-19.734604961711874,-5.396825396825399
972,7774,-19.15863131651286,-5.6084656084656075
973,7782,-18.269190993163292,-6.455026455026456
974,7790,-17.08083669634063,-7.301587301587304
975,7798,-15.613011854322021,-7.724867724867728
976,7806,-13.88973249256007,-5.6084656084656075
977,7814,-11.939194292057905,-8.783068783068785
978,7822,-9.793311261713969,-9.417989417989418
979,7830,-7.487193572714748,-9.20634920634921
980,7837,-5.3675075842434765,-10.476190476190474
981,7845,-2.86424061131215,-10.899470899470899
982,7853,-0.3141099572013609,-8.148148148148145
983,7861,2.24116005176371,-8.148148148148145
984,7869,4.759761000970604,-7.089947089947088
985,7877,7.200484441856805,-5.820105820105823
986,7885,9.52339612981689,-5.396825396825399
987,7893,11.69048941403993,-3.915343915343918
988,7901,13.66630708874619,-2.433862433862437
989,7909,15.418521531315385,-0.952380952380949
990,7917,16.918463635293854,1.1640211640211646
991,7925,18.141591884067775,1.7989417989417973
992,7935,19.251203622958325,3.492063492063494
993,7943,19.785753869873894,2.857142857142854
994,7951,19.996576683559503,4.338624338624342
995,7959,19.880222656487415,5.6084656084656075
996,7967,19.438595531662703,7.089947089947088
997,7974,18.790897804985065,6.666666666666671
998,7982,17.76295465893352,7.936507936507937
999,7990,16.44438039737658,6.878306878306873
1000,7998,14.856749061112694,8.148148148148152
1001,8006,13.026036906633507,8.57142857142857
1002,8014,10.982197391899462,9.206349206349202
1003,8022,8.758671088565114,9.206349206349202
1004,8030,6.3918385393002595,9.417989417989418
1005,8037,4.233701707673489,10.264550264550266
1006,8045,1.7039079486920927,11.111111111111114
1007,8053,-0.8537645431558429,10.264550264550266
1008,8061,-3.3974680446904726,9.841269841269835
1009,8069,-5.885583388361067,9.417989417989418
1010,8077,-8.277400920186002,7.301587301587304
1011,8085,-10.533786576565593,8.57142857142857
1012,8093,-12.617822181839704,6.031746031746039
1013,8101,-14.495409490286981,3.7037037037037024
1014,8109,-16.13582808943072,2.433862433862437
1015,8117,-17.512238036451365,1.3756613756613731
1016,8125,-18.602119003735236,0.10582010582010781
1017,8133,-19.387638748428273,-0.952380952380949
1018,8141,-19.855944877219013,-2.433862433862437
1019,8149,-19.999375132604374,-4.338624338624342
1020,8157,-19.81558276000895,-5.396825396825399
1021,8165,-19.30757490454434,-6.24338624338624
1022,8172,-18.60351619555584,-6.666666666666664
1023,8180,-17.514075573027373,-8.148148148148145
1024,8188,-16.13807590564543,-8.783068783068785
1025,8196,-14.498030808174875,-6.666666666666664
1026,8204,-12.62077411233438,-7.724867724867728
1027,8212,-10.537020821235343,-7.089947089947088
1028,8220,-8.280864561475482,-9.841269841269842
1029,8227,-6.19426522377921,-10.476190476190474
1030,8235,-3.71610757813448,-8.783068783068785
1031,8243,-1.17714830846275,-9.417989417989418
1032,8251,1.381071041109131,-8.35978835978836
1033,8259,3.9166937999129385,-7.089947089947088
1034,8267,6.38823301462015,-5.6084656084656075
1035,8275,8.755250243948979,-3.492063492063494
1036,8283,10.979017197983257,-4.973544973544975
1037,8291,13.023149396614402,-3.492063492063494
1038,8299,14.85420147939694,-1.1640211640211646
1039,8307,16.442214426586055,0.7407407407407405
1040,8315,17.76120573790785,2.433862433862437
1041,8323,18.789594548945246,3.7037037037037024
1042,8330,19.437699982829525,4.973544973544975
1043,8338,19.879806495151353,5.820105820105823
1044,8346,19.996646718803667,6.666666666666671
1045,8354,19.786308955806657,7.936507936507937
1046,8362,19.252234677461967,7.089947089947088
1047,8370,18.403162216229624,7.724867724867721
1048,8378,17.252983792254557,7.936507936507937
1049,8386,15.820518213827254,9.417989417989418
1050,8394,14.1292029707665,8.57142857142857
1051,8402,12.206710758590201,10.687830687830683
1052,8409,10.359537301920366,10.05291005291005
1053,8417,8.09095227966303,10.476190476190482
1054,8425,5.689985987977303,11.746031746031747
1055,8433,3.1959221792039756,11.322751322751316
1056,8441,0.6495678339824658,11.322751322751316
1057,8449,-1.9074145079772893,9.841269841269835
1058,8457,-4.433188415483497,9.841269841269835
1059,8465,-6.8864280785925125,9.629629629629633
1060,8473,-9.226994466745378,9.629629629629633
1061,8481,-11.416592069235518,7.51322751322752
1062,8489,-13.419395472671896,5.820105820105823
1063,8497,-15.202635523584787,3.915343915343918
1064,8505,-16.737135485606395,2.2222222222222214
1065,8512,-17.855932901336185,1.7989417989417973
1066,8520,-18.85988776719179,0.529100529100532
1067,8528,-19.55526389007765,-1.3756613756613731
1068,8536,-19.93068377440387,-3.915343915343918
1069,8544,-19.980004934201386,-4.973544973544975
1070,8552,-19.70242039428134,-5.820105820105823
1071,8560,-19.102471893674828,-6.031746031746032
1072,8567,-18.320667742155475,-7.089947089947088
1073,8576,-16.97986137785146,-7.089947089947088
1074,8583,-15.692323058591066,-7.936507936507937
1075,8591,-13.98112387380763,-7.513227513227513
1076,8599,-12.041170537167625,-9.417989417989418
1077,8607,-9.90420387181095,-9.841269841269842
1078,8617,-7.00947253506925,-9.20634920634921
1079,8625,-4.561045190017224,-8.57142857142857
1080,8633,-2.037991653720698,-8.57142857142857
1081,8641,0.5184067736198197,-7.724867724867728
1082,8649,3.066323214612592,-7.301587301587304
1083,8657,5.5640695710972174,-6.031746031746032
1084,8665,7.970778609902606,-4.761904761904759
1085,8673,10.24707261791421,-5.396825396825399
1086,8681,12.355707686137887,-3.492063492063494
1087,8689,14.262183081231562,-1.7989417989417973
1088,8697,15.93530573416965,-0.7407407407407405
1089,8704,17.18624290513327,0.31746031746031633
1090,8712,18.35138878620949,2.6455026455026456
1091,8720,19.216275802901176,2.433862433862437
1092,8728,19.766752982958476,3.7037037037037024
1093,8736,19.99381361550654,5.1851851851851904
1094,8744,19.893742615628828,6.666666666666671
1095,8752,19.46817730925911,6.455026455026456
1096,8760,18.724080643839905,7.089947089947088
1097,8767,17.821147154435653,6.455026455026456
1098,8775,16.516565620204958,7.51322751322752
1099,8783,14.941745942451313,8.359788359788354
1100,8791,13.122454757888093,9.206349206349202
1101,8799,11.088458658648506,8.783068783068785
1102,8807,8.873037161940703,8.783068783068785
1103,8815,6.512438202485185,9.841269841269835
1104,8823,4.045285056758308,11.534391534391531
1105,8831,1.5119444027509932,12.592592592592595
1106,8839,-1.0461341451935018,9.841269841269835
1107,8847,-3.587096220150606,11.534391534391531
1108,8855,-6.069367508811445,9.629629629629633
1109,8863,-8.452333975533751,9.629629629629633
1110,8871,-10.697006374681607,6.455026455026456
1111,8879,-12.766658178723285,5.6084656084656075
1112,8887,-14.627426484552313,3.915343915343918
1113,8895,-16.248866066201582,2.857142857142854
1114,8902,-17.4503410028213,1.3756613756613731
1115,8910,-18.554944412115255,0.7407407407407405
1116,8918,-19.3559584526256,-3.2804232804232782
1117,8926,-19.840277218910778,-3.915343915343918
1118,8934,-19.999976460416068,-4.973544973544975
1119,8942,-19.83244323522984,-5.820105820105823
1120,8950,-19.34041866210493,-6.24338624338624
1121,8958,-18.531953071253014,-7.301587301587304
1122,8965,-17.57524061662926,-8.148148148148145
1123,8973,-16.213008174767214,-6.031746031746032
1124,8981,-14.585504287810586,-9.20634920634921
1125,8989,-12.719357592673955,-9.417989417989418
1126,8997,-10.645101314607995,-7.724867724867728
1127,9005,-8.396673693477496,-10.05291005291005
1128,9013,-6.010862698414115,-10.264550264550266
1129,9021,-3.526704116209827,-10.68783068783069
1130,9029,-0.9848428617293258,-8.994708994708994
1131,9037,1.5731320396645274,-8.35978835978836
1132,9045,4.105367916874978,-8.35978835978836
1133,9053,6.570433231521865,-6.24338624338624
1134,9061,8.927995465960187,-6.031746031746032
1135,9069,11.13948102952297,-4.761904761904759
1136,9077,13.168706385821103,-3.2804232804232782
1137,9084,14.768583690024693,-0.952380952380949
1138,9092,16.369341930191542,1.1640211640211646
1139,9100,17.702270848231855,1.5873015873015888
1140,9108,18.74556153758884,2.857142857142854
1141,9116,19.482144048883345,2.857142857142854
1142,9124,19.89996668232645,3.915343915343918
1143,9132,19.99219317332278,4.973544973544975
1144,9140,19.757314544989182,6.455026455026456
1145,9148,19.19917379749503,6.24338624338624
1146,9155,18.452676334853336,6.878306878306873
1147,9163,17.317078733117523,6.455026455026456
1148,9171,15.898145278415116,7.301587301587304
1149,9179,14.219092052793014,8.148148148148152
1150,9187,12.307391125022342,9.629629629629633
1151,9195,10.194321062425026,8.994708994709
1152,9203,7.914455162137827,9.206349206349202
1153,9211,5.505095775177683,10.899470899470899
1154,9219,3.005663978710506,9.629629629629633
1155,9227,0.4570545824717954,10.264550264550266
1156,9235,-2.09903297748974,10.05291005291005
1157,9244,-4.931514428009153,8.57142857142857
1158,9252,-7.365357706032132,10.476190476190482
1159,9260,-9.678691633707073,8.148148148148152
1160,9267,-11.57418804157748,4.973544973544975
1161,9276,-13.795022684491263,5.1851851851851904
1162,9284,-15.5306698701576,3.915343915343918
1163,9291,-16.84178461846384,1.1640211640211646
1164,9301,-18.345197269758522,-2.2222222222222214
1165,9309,-19.211957057380985,-2.433862433862437
1166,9317,-19.76437767014002,-3.915343915343918
1167,9325,-19.993420599409028,-6.031746031746032
1168,9333,-19.89533832664121,-6.24338624338624
1169,9341,-19.471735638928234,-7.089947089947088
1170,9349,-18.729543372047242,-7.089947089947088
1171,9357,-17.680905010603727,-9.417989417989418
1172,9365,-16.342978000675316,-11.111111111111114
1173,9373,-14.73765302581307,-11.111111111111114
1174,9381,-12.891195839498826,-11.111111111111114
1175,9388,-11.101404226551963,-12.169312169312171
1176,9396,-8.886978632031536,-12.169312169312171
1177,9404,-6.527147469412558,-10.476190476190474
1178,9412,-4.060521452753967,-11.111111111111114
1179,9420,-1.5274586353492703,-10.264550264550266
1180,9428,1.030595914321468,-11.111111111111114
1181,9436,3.5717882219848542,-8.35978835978836
1182,9444,6.0545402073467605,-6.87830687830688
1183,9452,8.438229969777302,-5.6084656084656075
1184,9460,10.683856429334691,-4.550264550264551
1185,9468,12.754677448491773,-3.915343915343918
1186,9475,14.396533966217724,-2.2222222222222214
1187,9483,16.050943757845307,0.529100529100532
1188,9491,17.442733744444176,1.1640211640211646
1189,9499,18.549131955691244,2.433862433862437
1190,9507,19.352035899489298,3.7037037037037024
1191,9515,19.838308748474645,4.973544973544975
1192,9523,19.999994280089833,5.820105820105823
1193,9531,19.834447053454372,6.031746031746039
1194,9539,19.34437569312262,6.24338624338624
1195,9547,18.537798571536623,6.666666666666671
1196,9555,17.427912615282928,7.936507936507937
1197,9563,16.032877381695027,7.301587301587304
1198,9571,14.375517938668587,8.359788359788354
1199,9579,12.482951409055973,10.05291005291005
1200,9587,10.386143289996909,8.994708994709
1201,9595,8.119400806518291,9.417989417989418
1202,9602,6.025700763179534,9.629629629629633
1203,9610,3.5420184526636604,10.687830687830683
1204,9618,1.0003829021708739,10.05291005291005
1205,9626,-1.5576205558217062,10.687830687830683
1206,9634,-4.090138782986714,9.629629629629633
1207,9642,-6.555735621232718,9.841269841269835
1208,9650,-8.914069856317731,7.724867724867721
1209,9658,-11.126555266374037,6.455026455026456
1210,9666,-13.156991955883498,4.973544973544975
1211,9673,-14.758087160185283,3.915343915343918
1212,9681,-16.360397377406656,3.0687830687830697
1213,9689,-17.69502462007795,0.31746031746031633
1214,9697,-18.74013219426059,0.952380952380949
1215,9705,-19.478620423356183,-3.7037037037037024
1216,9713,-19.898406426901627,-3.2804232804232782
1217,9721,-19.992621816342016,-4.550264550264551
1218,9729,-19.759725073148637,-6.24338624338624
1219,9737,-19.20352677059432,-6.455026455026456
1220,9745,-18.333127226515927,-8.148148148148145
1221,9753,-17.16276760716543,-6.87830687830688
1222,9761,-15.71159691833913,-8.783068783068785
1223,9769,-14.003358696186794,-8.148148148148145
1224,9777,-12.066002523961831,-7.724867724867728
1225,9784,-10.207704233385687,-9.841269841269842
1226,9792,-7.928741882681226,-10.476190476190474
1227,9800,-5.520052291088476,-9.841269841269842
1228,9808,-3.0210455768209394,-9.20634920634921
1229,9816,-0.4726095945710943,-9.841269841269842
1230,9824,2.083559056950057,-7.936507936507937
1231,9832,4.605637259862858,-6.666666666666664
1232,9840,7.052359672021349,-5.820105820105823
1233,9848,9.383693895797302,-6.24338624338624
1234,9856,11.561495473858033,-3.0687830687830697
1235,9864,13.550131995148217,-2.2222222222222214
1236,9872,15.317066099660453,-1.3756613756613731
1237,9879,16.658442770468895,-0.31746031746031633
1238,9887,17.93497662373188,1.7989417989417973
1239,9895,18.91806479958323,2.2222222222222214
1240,9903,19.591622360653787,4.761904761904759
1241,9911,19.944628798863956,5.6084656084656075
1242,9919,19.97130834903926,6.031746031746039
1243,9927,19.671224489915204,6.455026455026456
1244,9935,19.049287086342243,6.666666666666671
1245,9943,18.115672055832437,6.878306878306873
1246,9951,16.88565487383299,7.724867724867721
1247,9959,15.379360641858206,6.455026455026456
1248,9967,13.621434807769212,9.841269841269835
1249,9975,11.640639925767196,8.359788359788354
1250,9985,8.900914723519644,8.783068783068785
1251,9993,6.541852785960627,8.994708994709
1252,10001,4.0757553912294995,12.169312169312164
