Time,Command,Reading
0.0010,1766.00,18400
0.0050,1766.00,18400
0.0090,1766.00,19248
0.0130,1766.00,18960
0.0170,1766.00,18736
0.0210,1766.00,18544
0.0240,1766.00,18240
0.0280,1766.00,18112
0.0320,1766.00,17856
0.0360,1766.00,17600
0.0400,1766.00,17424
0.0440,1766.00,17296
0.0470,1766.00,17136
0.0510,1766.00,16928
0.0550,1766.00,16720
0.0590,1766.00,16480
0.0630,1766.00,16304
0.0670,1766.00,16112
0.0700,1766.00,15904
0.0740,1766.00,15760
0.0780,1766.00,15584
0.0820,1766.00,15376
0.0860,1766.00,15120
0.0900,1766.00,14944
0.0930,1766.00,14736
0.0970,1766.00,14528
0.1010,1766.00,14336
0.1050,1766.00,14128
0.1090,1766.00,13904
0.1130,1766.00,13712
0.1160,1766.00,13456
0.1200,1766.00,13248
0.1240,1766.00,13072
0.1280,1766.00,12896
0.1320,1766.00,12656
0.1350,1766.00,12496
0.1390,1766.00,12272
0.1430,1766.00,12032
0.1470,1766.00,11920
0.1510,1766.00,11696
0.1550,1766.00,11520
0.1580,1766.00,11216
0.1620,1766.00,10944
0.1660,1766.00,10816
0.1700,1766.00,10672
0.1740,1766.00,10496
0.1780,1766.00,10320
0.1810,1766.00,10192
0.1850,1766.00,10080
0.1890,1766.00,9952
0.1930,1766.00,9808
0.1970,1766.00,9792
0.2010,1766.00,9712
0.2040,1766.00,9616
0.2080,1766.00,9584
0.2120,1766.00,9488
0.2160,1766.00,9440
0.2200,1766.00,9456
0.2240,1766.00,9424
0.2270,1766.00,9408
0.2310,1766.00,9408
0.2350,1766.00,9424
0.2390,1766.00,9344
0.2430,1766.00,9296
0.2470,1766.00,9408
0.2500,1766.00,9376
0.2540,1766.00,9328
0.2580,1766.00,9328
0.2620,1766.00,9392
0.2660,1766.00,9312
0.2700,1766.00,9360
0.2730,1766.00,9440
0.2770,1766.00,9296
0.2810,1766.00,9328
0.2850,1766.00,9328
0.2890,1766.00,9360
0.2930,1766.00,9360
0.2960,1766.00,9296
0.3000,1766.00,9312
0.3040,1766.00,9328
0.3080,1766.00,9328
0.3120,1766.00,9392
0.3160,1766.00,9376
0.3190,1766.00,9360
0.3230,1766.00,9392
0.3270,1766.00,9360
0.3310,1766.00,9280
0.3350,1766.00,9312
0.3390,1766.00,9424
0.3420,1766.00,9360
0.3460,1766.00,9376
0.3500,1766.00,9360
0.3540,1766.00,9344
0.3580,1766.00,9360
0.3620,1766.00,9424
0.3650,1766.00,9424
0.3690,1766.00,9376
0.3730,1766.00,9328
0.3770,1766.00,9376
0.3810,1766.00,9376
0.3850,1766.00,9376
0.3880,1766.00,9344
0.3920,1766.00,9360
0.3960,1766.00,9360
0.4000,1766.00,9408
0.4040,1766.00,9344
0.4080,1766.00,9392
0.4110,1766.00,9376
0.4150,1766.00,9376
0.4190,1766.00,9360
0.4230,1766.00,9376
0.4270,1766.00,9392
0.4310,1766.00,9328
0.4340,1766.00,9280
0.4380,1766.00,9360
0.4420,1766.00,9360
0.4460,1766.00,9392
0.4500,1766.00,9392
0.4530,1766.00,9376
0.4570,1766.00,9280
0.4610,1766.00,9424
0.4650,1766.00,9424
0.4690,1766.00,9344
0.4730,1766.00,9360
0.4760,1766.00,9360
0.4800,1766.00,9360
0.4840,1766.00,9376
0.4880,1766.00,9376
0.4920,1766.00,9360
0.4960,1766.00,9392
0.4990,1766.00,9328
0.5030,1766.00,9392
0.5070,1766.00,9376
0.5110,1766.00,9392
0.5150,1766.00,9376
0.5190,1766.00,9392
0.5220,1766.00,9392
0.5260,1766.00,9312
0.5300,1766.00,9312
0.5340,1766.00,9408
0.5380,1766.00,9360
0.5420,1766.00,9376
0.5450,1766.00,9392
0.5490,1766.00,9392
0.5530,1766.00,9376
0.5570,1766.00,9392
0.5610,1766.00,9408
0.5650,1766.00,9408
0.5680,1766.00,9376
0.5720,1766.00,9392
0.5760,1766.00,9344
0.5800,1766.00,9360
0.5840,1766.00,9392
0.5880,1766.00,9328
0.5910,1766.00,9424
0.5950,1766.00,9328
0.5990,1766.00,9312
0.6030,1766.00,9392
0.6070,1766.00,9392
0.6110,1766.00,9376
0.6140,1766.00,9376
0.6180,1766.00,9392
0.6220,1766.00,9376
0.6260,1766.00,9328
0.6300,1766.00,9392
0.6340,1766.00,9312
0.6370,1766.00,9376
0.6410,1766.00,9344
0.6450,1766.00,9360
0.6490,1766.00,9360
0.6530,1766.00,9376
0.6570,1766.00,9312
0.6600,1766.00,9360
0.6640,1766.00,9424
0.6680,1766.00,9344
0.6720,1766.00,9392
0.6760,1766.00,9376
0.6800,1766.00,9392
0.6830,1766.00,9360
0.6870,1766.00,9344
0.6910,1766.00,9376
0.6950,1766.00,9408
0.6990,1766.00,9360
0.7030,1766.00,9392
0.7060,1766.00,9408
0.7100,1766.00,9376
0.7140,1766.00,9392
0.7180,1766.00,9392
0.7220,1766.00,9312
0.7260,1766.00,9392
0.7290,1766.00,9392
0.7330,1766.00,9376
0.7370,1766.00,9376
0.7410,1766.00,9392
0.7450,1766.00,9392
0.7480,1766.00,9408
0.7520,1766.00,9424
0.7560,1766.00,9360
0.7600,1766.00,9344
0.7640,1766.00,9344
0.7680,1766.00,9376
0.7710,1766.00,9360
0.7750,1766.00,9376
0.7790,1766.00,9360
0.7830,1766.00,9344
0.7870,1766.00,9392
0.7910,1766.00,9392
0.7940,1766.00,9312
0.7980,1766.00,9360
0.8020,1766.00,9360
0.8060,1766.00,9376
0.8100,1766.00,9392
0.8140,1766.00,9376
0.8170,1766.00,9360
0.8210,1766.00,9408
0.8250,1766.00,9408
0.8290,1766.00,9376
0.8330,1766.00,9392
0.8370,1766.00,9376
0.8400,1766.00,9376
0.8440,1766.00,9376
0.8480,1766.00,9376
0.8520,1766.00,9424
0.8560,1766.00,9424
0.8600,1766.00,9360
0.8630,1766.00,9360
0.8670,1766.00,9408
0.8710,1766.00,9360
0.8750,1766.00,9344
0.8790,1766.00,9392
0.8830,1766.00,9344
0.8860,1766.00,9376
0.8900,1766.00,9440
0.8940,1766.00,9376
0.8980,1766.00,9392
0.9020,1766.00,9376
0.9060,1766.00,9392
0.9090,1766.00,9376
0.9130,1766.00,9424
0.9170,1766.00,9360
0.9210,1766.00,9328
0.9250,1766.00,9392
0.9290,1766.00,9424
0.9320,1766.00,9392
0.9360,1766.00,9344
0.9400,1766.00,9344
0.9440,1766.00,9312
0.9480,1766.00,9440
0.9520,1766.00,9424
0.9550,1766.00,9344
0.9590,1766.00,9392
0.9630,1766.00,9392
0.9670,1766.00,9360
0.9710,1766.00,9360
0.9750,1766.00,9360
0.9780,1766.00,9280
0.9820,1766.00,9328
0.9860,1766.00,9376
0.9900,1766.00,9376
0.9940,1766.00,9344
0.9980,1766.00,9344
1.0010,1766.00,9344
1.0050,1766.00,9392
1.0090,1766.00,9392
1.0130,1766.00,9376
1.0170,1766.00,9344
1.0210,1766.00,9360
1.0240,1766.00,9360
1.0280,1766.00,9376
1.0320,1766.00,9360
1.0360,1766.00,9376
1.0400,1766.00,9408
1.0440,1766.00,9344
1.0470,1766.00,9344
1.0510,1766.00,9360
1.0550,1766.00,9376
1.0590,1766.00,9392
1.0630,1766.00,9392
1.0660,1766.00,9408
1.0700,1766.00,9376
1.0740,1766.00,9424
1.0780,1766.00,9424
1.0820,1766.00,9328
1.0860,1766.00,9392
1.0890,1766.00,9360
1.0930,1766.00,9408
1.0970,1766.00,9344
1.1010,1766.00,9360
1.1050,1766.00,9360
1.1090,1766.00,9392
1.1120,1766.00,9408
1.1160,1766.00,9328
1.1200,1766.00,9328
1.1240,1766.00,9344
1.1280,1766.00,9392
1.1320,1766.00,9360
1.1350,1766.00,9424
1.1390,1766.00,9328
1.1430,1766.00,9360
1.1470,1766.00,9392
1.1510,1766.00,9376
1.1550,1766.00,9376
1.1580,1766.00,9360
1.1620,1766.00,9360
1.1660,1766.00,9376
1.1700,1766.00,9328
1.1740,1766.00,9344
1.1780,1766.00,9344
1.1810,1766.00,9376
1.1850,1766.00,9360
1.1890,1766.00,9360
1.1930,1766.00,9392
1.1970,1766.00,9344
1.2010,1766.00,9408
1.2040,1766.00,9392
1.2080,1766.00,9392
1.2120,1766.00,9312
1.2160,1766.00,9344
1.2200,1766.00,9344
1.2240,1766.00,9360
1.2270,1766.00,9344
1.2310,1766.00,9360
1.2350,1766.00,9312
1.2390,1766.00,9328
1.2430,1766.00,9344
1.2470,1766.00,9376
1.2500,1766.00,9360
1.2540,1766.00,9360
1.2580,1766.00,9392
1.2620,1766.00,9376
1.2660,1766.00,9424
1.2700,1766.00,9344
1.2730,1766.00,9408
1.2770,1766.00,9312
1.2810,1766.00,9344
1.2850,1766.00,9408
1.2890,1766.00,9376
1.2930,1766.00,9392
1.2960,1766.00,9392
1.3000,1766.00,9440
1.3040,1766.00,9344
1.3080,1766.00,9328
1.3120,1766.00,9360
1.3160,1766.00,9344
1.3190,1766.00,9392
1.3230,1766.00,9376
1.3270,1766.00,9360
1.3310,1766.00,9344
1.3350,1766.00,9376
1.3390,1766.00,9392
1.3420,1766.00,9312
1.3460,1766.00,9344
1.3500,1766.00,9344
1.3540,1766.00,9360
1.3580,1766.00,9344
1.3610,1766.00,9392
1.3650,1766.00,9360
1.3690,1766.00,9392
1.3730,1766.00,9344
1.3770,1766.00,9360
1.3810,1766.00,9360
1.3840,1766.00,9376
1.3880,1766.00,9392
1.3920,1766.00,9360
1.3960,1766.00,9344
1.4000,1766.00,9408
1.4040,1766.00,9376
1.4070,1766.00,9360
1.4110,1766.00,9392
1.4150,1766.00,9376
1.4190,1766.00,9392
1.4230,1766.00,9408
1.4270,1766.00,9328
1.4300,1766.00,9376
1.4340,1766.00,9456
1.4380,1766.00,9392
1.4420,1766.00,9392
1.4460,1766.00,9376
1.4500,1766.00,9392
1.4530,1766.00,9360
1.4570,1766.00,9360
1.4610,1766.00,9392
1.4650,1766.00,9392
1.4690,1766.00,9312
1.4730,1766.00,9360
1.4760,1766.00,9360
1.4800,1766.00,9376
1.4840,1766.00,9376
1.4880,1766.00,9360
1.4920,1766.00,9392
1.4960,1766.00,9408
1.4990,1766.00,9328
1.5030,1766.00,9376
1.5070,1766.00,9376
1.5110,1766.00,9360
1.5150,1766.00,9360
1.5190,1766.00,9360
1.5220,1766.00,9424
1.5260,1766.00,9424
1.5300,1766.00,9360
1.5340,1766.00,9360
1.5380,1766.00,9392
1.5420,1766.00,9376
1.5450,1766.00,9344
1.5490,1766.00,9392
1.5530,1766.00,9408
1.5570,1766.00,9344
1.5610,1766.00,9312
1.5650,1766.00,9360
1.5680,1766.00,9392
1.5720,1766.00,9376
1.5760,1766.00,9392
1.5800,1766.00,9360
1.5840,1766.00,9264
1.5880,1766.00,9424
1.5910,1766.00,9440
1.5950,1766.00,9344
1.5990,1766.00,9392
1.6030,1766.00,9360
1.6070,1766.00,9328
1.6110,1766.00,9344
1.6140,1766.00,9392
1.6180,1766.00,9296
1.6220,1766.00,9312
1.6260,1766.00,9456
1.6300,1766.00,9376
1.6340,1766.00,9376
1.6370,1766.00,9344
1.6410,1766.00,9344
1.6450,1766.00,9360
1.6490,1766.00,9376
1.6530,1766.00,9408
1.6560,1766.00,9424
1.6600,1766.00,9344
1.6640,1766.00,9360
1.6680,1766.00,9376
1.6720,1766.00,9376
1.6760,1766.00,9360
1.6790,1766.00,9312
1.6830,1766.00,9328
1.6870,1766.00,9360
1.6910,1766.00,9376
1.6950,1766.00,9360
1.6990,1766.00,9344
1.7020,1766.00,9360
1.7060,1766.00,9344
1.7100,1766.00,9312
1.7140,1766.00,9456
1.7180,1766.00,9440
1.7220,1766.00,9360
1.7250,1766.00,9360
1.7290,1766.00,9360
1.7330,1766.00,9360
1.7370,1766.00,9376
1.7410,1766.00,9392
1.7450,1766.00,9440
1.7480,1766.00,9392
1.7520,1766.00,9392
1.7560,1766.00,9392
1.7600,1766.00,9392
1.7640,1766.00,9376
1.7680,1766.00,9392
1.7710,1766.00,9424
1.7750,1766.00,9328
1.7790,1766.00,9296
1.7830,1766.00,9392
1.7870,1766.00,9376
1.7910,1766.00,9344
1.7940,1766.00,9344
1.7980,1766.00,9408
1.8020,1766.00,9392
1.8060,1766.00,9328
1.8100,1766.00,9408
1.8140,1766.00,9440
1.8170,1766.00,9376
1.8210,1766.00,9376
1.8250,1766.00,9344
1.8290,1766.00,9360
1.8330,1766.00,9344
1.8370,1766.00,9344
1.8400,1766.00,9408
1.8440,1766.00,9328
1.8480,1766.00,9360
1.8520,1766.00,9344
1.8560,1766.00,9376
1.8600,1766.00,9392
1.8630,1766.00,9344
1.8670,1766.00,9296
1.8710,1766.00,9344
1.8750,1766.00,9376
1.8790,1766.00,9360
1.8830,1766.00,9360
1.8860,1766.00,9376
1.8900,1766.00,9360
1.8940,1766.00,9360
1.8980,1766.00,9376
1.9020,1766.00,9376
1.9060,1766.00,9360
1.9090,1766.00,9392
1.9130,1766.00,9360
1.9170,1766.00,9376
1.9210,1766.00,9376
1.9250,1766.00,9376
1.9290,1766.00,9424
1.9320,1766.00,9392
1.9360,1766.00,9392
1.9400,1766.00,9360
1.9440,1766.00,9360
1.9480,1766.00,9392
1.9510,1766.00,9360
1.9550,1766.00,9376
1.9590,1766.00,9360
1.9630,1766.00,9296
1.9670,1766.00,9344
1.9710,1766.00,9360
1.9740,1766.00,9376
1.9780,1766.00,9360
1.9820,1766.00,9392
1.9860,1766.00,9376
1.9900,1766.00,9392
1.9940,1766.00,9312
1.9970,1766.00,9360
2.0010,1766.00,9376
2.0050,1766.00,9360
2.0090,1766.00,9376
2.0130,1766.00,9360
2.0170,1766.00,9392
2.0200,1766.00,9392
2.0240,1766.00,9360
2.0280,1766.00,9360
2.0320,1766.00,9344
2.0360,1766.00,9376
2.0400,1766.00,9392
2.0430,1766.00,9392
2.0470,1766.00,9392
2.0510,1766.00,9392
2.0550,1766.00,9328
2.0590,1766.00,9344
2.0630,1766.00,9344
2.0660,1766.00,9376
2.0700,1766.00,9392
2.0740,1766.00,9376
2.0780,1766.00,9408
2.0820,1766.00,9344
2.0860,1766.00,9392
2.0890,1766.00,9392
2.0930,1766.00,9344
2.0970,1766.00,9360
2.1010,1766.00,9376
2.1050,1766.00,9376
2.1090,1766.00,9312
2.1120,1766.00,9360
2.1160,1766.00,9392
2.1200,1766.00,9408
2.1240,1766.00,9376
2.1280,1766.00,9376
2.1320,1766.00,9392
2.1350,1766.00,9392
2.1390,1766.00,9392
2.1430,1766.00,9408
2.1470,1766.00,9328
2.1510,1766.00,9328
2.1550,1766.00,9360
2.1580,1766.00,9360
2.1620,1766.00,9376
2.1660,1766.00,9376
2.1700,1766.00,9376
2.1740,1766.00,9392
2.1780,1766.00,9344
2.1810,1766.00,9344
2.1850,1766.00,9344
2.1890,1766.00,9392
2.1930,1766.00,9360
2.1970,1766.00,9360
2.2010,1766.00,9360
2.2040,1766.00,9376
2.2080,1766.00,9296
2.2120,1766.00,9344
2.2160,1766.00,9376
2.2200,1766.00,9360
2.2240,1766.00,9360
2.2270,1766.00,9344
2.2310,1766.00,9360
2.2350,1766.00,9360
2.2390,1766.00,9376
2.2430,1766.00,9360
2.2470,1766.00,9392
2.2500,1766.00,9344
2.2540,1766.00,9360
2.2580,1766.00,9376
2.2620,1766.00,9376
2.2660,1766.00,9360
2.2690,1766.00,9376
2.2730,1766.00,9344
2.2770,1766.00,9376
2.2810,1766.00,9440
2.2850,1766.00,9360
2.2890,1766.00,9392
2.2920,1766.00,9360
2.2960,1766.00,9360
2.3000,1766.00,9392
2.3040,1766.00,9328
2.3080,1766.00,9392
2.3120,1766.00,9376
2.3150,1766.00,9312
2.3190,1766.00,9344
2.3230,1766.00,9344
2.3270,1766.00,9344
2.3310,1766.00,9360
2.3350,1766.00,9328
2.3380,1766.00,9424
2.3420,1766.00,9392
2.3460,1766.00,9312
2.3500,1766.00,9376
2.3540,1766.00,9376
2.3580,1766.00,9344
2.3610,1766.00,9408
2.3650,1766.00,9360
2.3690,1766.00,9328
2.3730,1766.00,9408
2.3770,1766.00,9328
2.3810,1766.00,9408
2.3840,1766.00,9296
2.3880,1766.00,9376
2.3920,1766.00,9360
2.3960,1766.00,9376
2.4000,1766.00,9392
2.4040,1766.00,9392
2.4070,1766.00,9344
2.4110,1766.00,9392
2.4150,1766.00,9328
2.4190,1766.00,9360
2.4230,1766.00,9376
2.4270,1766.00,9360
2.4300,1766.00,9392
2.4340,1766.00,9376
2.4380,1766.00,9392
2.4420,1766.00,9360
2.4460,1766.00,9328
2.4500,1766.00,9376
2.4530,1766.00,9376
2.4570,1766.00,9376
2.4610,1766.00,9392
2.4650,1766.00,9376
2.4690,1766.00,9328
2.4730,1766.00,9360
2.4760,1766.00,9408
2.4800,1766.00,9360
2.4840,1766.00,9376
2.4880,1766.00,9376
2.4920,1766.00,9376
2.4960,1766.00,9376
2.4990,1766.00,9376
2.5030,1766.00,9392
2.5070,1766.00,9392
2.5110,1766.00,9392
2.5150,1766.00,9376
2.5190,1766.00,9392
2.5220,1766.00,9360
2.5260,1766.00,9376
2.5300,1766.00,9408
2.5340,1766.00,9328
2.5380,1766.00,9360
2.5420,1766.00,9376
2.5450,1766.00,9360
2.5490,1766.00,9376
2.5530,1766.00,9392
2.5570,1766.00,9392
2.5610,1766.00,9408
2.5650,1766.00,9344
2.5680,1766.00,9344
2.5720,1766.00,9376
2.5760,1766.00,9376
2.5800,1766.00,9360
2.5840,1766.00,9360
2.5870,1766.00,9360
2.5910,1766.00,9360
2.5950,1766.00,9408
2.5990,1766.00,9344
2.6030,1766.00,9328
2.6070,1766.00,9360
2.6100,1766.00,9360
2.6140,1766.00,9360
2.6180,1766.00,9360
2.6220,1766.00,9360
2.6260,1766.00,9376
2.6300,1766.00,9328
2.6330,1766.00,9376
2.6370,1766.00,9360
2.6410,1766.00,9376
2.6450,1766.00,9376
2.6490,1766.00,9376
2.6530,1766.00,9408
2.6560,1766.00,9328
2.6600,1766.00,9312
2.6640,1766.00,9360
2.6680,1766.00,9360
2.6720,1766.00,9376
2.6760,1766.00,9376
2.6790,1766.00,9376
2.6830,1766.00,9376
2.6870,1766.00,9360
2.6910,1766.00,9328
2.6950,1766.00,9360
2.6990,1766.00,9376
2.7020,1766.00,9376
2.7060,1766.00,9376
2.7100,1766.00,9376
2.7140,1766.00,9360
2.7180,1766.00,9424
2.7220,1766.00,9392
2.7250,1766.00,9360
2.7290,1766.00,9392
2.7330,1766.00,9392
2.7370,1766.00,9392
2.7410,1766.00,9376
2.7450,1766.00,9360
2.7480,1766.00,9360
2.7520,1766.00,9328
2.7560,1766.00,9360
2.7600,1766.00,9376
2.7640,1766.00,9392
2.7680,1766.00,9376
2.7710,1766.00,9392
2.7750,1766.00,9376
2.7790,1766.00,9312
2.7830,1766.00,9392
2.7870,1766.00,9408
2.7910,1766.00,9376
2.7940,1766.00,9376
2.7980,1766.00,9376
2.8020,1766.00,9408
2.8060,1766.00,9408
2.8100,1766.00,9328
2.8140,1766.00,9376
2.8170,1766.00,9424
2.8210,1766.00,9392
2.8250,1766.00,9376
2.8290,1766.00,9408
2.8330,1766.00,9344
2.8370,1766.00,9344
2.8400,1766.00,9344
2.8440,1766.00,9408
2.8480,1766.00,9376
2.8520,1766.00,9328
2.8560,1766.00,9392
2.8600,1766.00,9408
2.8630,1766.00,9360
2.8670,1766.00,9344
2.8710,1766.00,9408
2.8750,1766.00,9344
2.8790,1766.00,9424
2.8830,1766.00,9296
2.8860,1766.00,9360
2.8900,1766.00,9328
2.8940,1766.00,9408
2.8980,1766.00,9344
2.9020,1766.00,9344
2.9060,1766.00,9376
2.9090,1766.00,9344
2.9130,1766.00,9360
2.9170,1766.00,9408
2.9210,1766.00,9360
2.9250,1766.00,9392
2.9280,1766.00,9392
2.9320,1766.00,9392
2.9360,1766.00,9392
2.9400,1766.00,9408
2.9440,1766.00,9360
2.9480,1766.00,9296
2.9510,1766.00,9360
2.9550,1766.00,9328
2.9590,1766.00,9344
2.9630,1766.00,9392
2.9670,1766.00,9360
2.9710,1766.00,9392
2.9740,1766.00,9328
2.9780,1766.00,9344
2.9820,1766.00,9360
2.9860,1766.00,9376
2.9900,1766.00,9376
2.9940,1766.00,9376
2.9970,1766.00,9392
3.0010,1766.00,9376
3.0050,1766.00,9344
3.0090,1766.00,9344
3.0130,1766.00,9296
3.0170,1766.00,9360
3.0200,1766.00,9344
3.0240,1766.00,9392
3.0280,1766.00,9392
3.0320,1766.00,9376
3.0360,1766.00,9424
3.0400,1766.00,9408
3.0430,1766.00,9296
3.0470,1766.00,9392
3.0510,1766.00,9344
3.0550,1766.00,9376
3.0590,1766.00,9376
3.0630,1766.00,9328
3.0660,1766.00,9376
3.0700,1766.00,9360
3.0740,1766.00,9296
3.0780,1766.00,9392
3.0820,1766.00,9344
3.0860,1766.00,9392
3.0890,1766.00,9408
3.0930,1766.00,9360
3.0970,1766.00,9360
3.1010,1766.00,9360
3.1050,1766.00,9424
3.1090,1766.00,9456
3.1120,1766.00,9344
3.1160,1766.00,9344
3.1200,1766.00,9360
3.1240,1766.00,9360
3.1280,1766.00,9376
3.1320,1766.00,9344
3.1350,1766.00,9344
3.1390,1766.00,9440
3.1430,966.00,9360
3.1470,966.00,9344
3.1510,966.00,10256
3.1550,966.00,10112
3.1580,966.00,10016
3.1620,966.00,10016
3.1660,966.00,10016
3.1700,966.00,10112
3.1740,966.00,10208
3.1780,966.00,10336
3.1810,966.00,10432
3.1850,966.00,10592
3.1890,966.00,10832
3.1930,966.00,10992
3.1970,966.00,11200
3.2010,966.00,11424
3.2040,966.00,11648
3.2080,966.00,11824
3.2120,966.00,11984
3.2160,966.00,12224
3.2200,966.00,12400
3.2240,966.00,12576
3.2270,966.00,12800
3.2310,966.00,13024
3.2350,966.00,13152
3.2390,966.00,13344
3.2430,966.00,13584
3.2460,966.00,13744
3.2500,966.00,13952
3.2540,966.00,14192
3.2580,966.00,14432
3.2620,966.00,14576
3.2660,966.00,14752
3.2690,966.00,14992
3.2730,966.00,15216
3.2770,966.00,15360
3.2810,966.00,15520
3.2850,966.00,15856
3.2890,966.00,15936
3.2920,966.00,16176
3.2960,966.00,16384
3.3000,966.00,16576
3.3040,966.00,16768
3.3080,966.00,16928
3.3120,966.00,17072
3.3150,966.00,17280
3.3190,966.00,17440
3.3230,966.00,17600
3.3270,966.00,17728
3.3310,966.00,17744
3.3350,966.00,17936
3.3380,966.00,18016
3.3420,966.00,18096
3.3460,966.00,18144
3.3500,966.00,18208
3.3540,966.00,18256
3.3580,966.00,18224
3.3610,966.00,18336
3.3650,966.00,18320
3.3690,966.00,18336
3.3730,966.00,18352
3.3770,966.00,18400
3.3810,966.00,18416
3.3840,966.00,18368
3.3880,966.00,18416
3.3920,966.00,18384
3.3960,966.00,18416
3.4000,966.00,18384
3.4040,966.00,18384
3.4070,966.00,18400
3.4110,966.00,18384
3.4150,966.00,18384
3.4190,966.00,18384
3.4230,966.00,18384
3.4270,966.00,18400
3.4300,966.00,18368
3.4340,966.00,18400
3.4380,966.00,18416
3.4420,966.00,18400
3.4460,966.00,18384
3.4500,966.00,18368
3.4530,966.00,18400
3.4570,966.00,18416
3.4610,966.00,18384
3.4650,966.00,18400
3.4690,966.00,18368
3.4730,966.00,18416
3.4760,966.00,18368
3.4800,966.00,18400
3.4840,966.00,18384
3.4880,966.00,18368
3.4920,966.00,18384
3.4960,966.00,18384
3.4990,966.00,18400
3.5030,966.00,18384
3.5070,966.00,18384
3.5110,966.00,18384
3.5150,966.00,18384
3.5190,966.00,18416
3.5220,966.00,18384
3.5260,966.00,18368
3.5300,966.00,18400
3.5340,966.00,18384
3.5380,966.00,18368
3.5410,966.00,18400
3.5450,966.00,18416
3.5490,966.00,18368
3.5530,966.00,18400
3.5570,966.00,18368
3.5610,966.00,18400
3.5640,966.00,18368
3.5680,966.00,18416
3.5720,966.00,18400
3.5760,966.00,18368
3.5800,966.00,18400
3.5840,966.00,18352
3.5870,966.00,18400
3.5910,966.00,18384
3.5950,966.00,18368
3.5990,966.00,18400
3.6030,966.00,18400
3.6070,966.00,18384
3.6100,966.00,18384
3.6140,966.00,18400
3.6180,966.00,18400
3.6220,966.00,18384
3.6260,966.00,18400
3.6300,966.00,18400
3.6330,966.00,18416
3.6370,966.00,18400
3.6410,966.00,18400
3.6450,966.00,18416
3.6490,966.00,18400
3.6530,966.00,18384
3.6560,966.00,18368
3.6600,966.00,18416
3.6640,966.00,18384
3.6680,966.00,18368
3.6720,966.00,18416
3.6760,966.00,18384
3.6790,966.00,18384
3.6830,966.00,18416
3.6870,966.00,18416
3.6910,966.00,18368
3.6950,966.00,18400
3.6990,966.00,18400
3.7020,966.00,18384
3.7060,966.00,18384
3.7100,966.00,18384
3.7140,966.00,18400
3.7180,966.00,18400
3.7220,966.00,18384
3.7250,966.00,18384
3.7290,966.00,18368
3.7330,966.00,18400
3.7370,966.00,18416
3.7410,966.00,18384
3.7450,966.00,18384
3.7480,966.00,18368
3.7520,966.00,18400
3.7560,966.00,18384
3.7600,966.00,18400
3.7640,966.00,18400
3.7680,966.00,18384
3.7710,966.00,18400
3.7750,966.00,18384
3.7790,966.00,18400
3.7830,966.00,18352
3.7870,966.00,18400
3.7910,966.00,18416
3.7940,966.00,18368
3.7980,966.00,18384
3.8020,966.00,18416
3.8060,966.00,18400
3.8100,966.00,18400
3.8140,966.00,18384
3.8170,966.00,18400
3.8210,966.00,18368
3.8250,966.00,18400
3.8290,966.00,18368
3.8330,966.00,18416
3.8360,966.00,18416
3.8400,966.00,18368
3.8440,966.00,18400
3.8480,966.00,18368
3.8520,966.00,18416
3.8560,966.00,18384
3.8590,966.00,18368
3.8630,966.00,18400
3.8670,966.00,18416
3.8710,966.00,18368
3.8750,966.00,18336
3.8790,966.00,18416
3.8820,966.00,18384
3.8860,966.00,18352
3.8900,966.00,18416
3.8940,966.00,18384
3.8980,966.00,18368
3.9020,966.00,18400
3.9050,966.00,18416
3.9090,966.00,18384
3.9130,966.00,18384
3.9170,966.00,18400
3.9210,966.00,18400
3.9250,966.00,18368
3.9280,966.00,18384
3.9320,966.00,18400
3.9360,966.00,18400
3.9400,966.00,18400
3.9440,966.00,18384
3.9480,966.00,18384
3.9510,966.00,18400
3.9550,966.00,18384
3.9590,966.00,18384
3.9630,966.00,18400
3.9670,966.00,18368
3.9710,966.00,18352
3.9740,966.00,18368
3.9780,966.00,18368
3.9820,966.00,18368
3.9860,966.00,18384
3.9900,966.00,18400
3.9940,966.00,18384
3.9970,966.00,18384
4.0010,966.00,18384
4.0050,966.00,18400
4.0090,966.00,18368
4.0130,966.00,18400
4.0170,966.00,18416
4.0200,966.00,18384
4.0240,966.00,18368
4.0280,966.00,18400
4.0320,966.00,18368
4.0360,966.00,18384
4.0400,966.00,18400
4.0430,966.00,18416
4.0470,966.00,18384
4.0510,966.00,18384
4.0550,966.00,18400
4.0590,966.00,18400
4.0630,966.00,18368
4.0660,966.00,18384
4.0700,966.00,18416
4.0740,966.00,18384
4.0780,966.00,18384
4.0820,966.00,18400
4.0860,966.00,18400
4.0890,966.00,18384
4.0930,966.00,18400
4.0970,966.00,18384
4.1010,966.00,18400
4.1050,966.00,18416
4.1080,966.00,18384
4.1120,966.00,18384
4.1160,966.00,18400
4.1200,966.00,18384
4.1240,966.00,18384
4.1280,966.00,18416
4.1310,966.00,18384
4.1350,966.00,18368
4.1390,966.00,18400
4.1430,966.00,18416
4.1470,966.00,18384
4.1510,966.00,18384
4.1540,966.00,18400
4.1580,966.00,18400
4.1620,966.00,18384
4.1660,966.00,18384
4.1700,966.00,18400
4.1740,966.00,18400
4.1770,966.00,18400
4.1810,966.00,18384
4.1850,966.00,18384
4.1890,966.00,18416
4.1930,966.00,18384
4.1970,966.00,18368
4.2000,966.00,18400
4.2040,966.00,18400
4.2080,966.00,18384
4.2120,966.00,18400
4.2160,966.00,18400
4.2200,966.00,18400
4.2230,966.00,18368
4.2270,966.00,18400
4.2310,966.00,18400
4.2350,966.00,18384
4.2390,966.00,18368
4.2430,966.00,18416
4.2460,966.00,18400
4.2500,966.00,18368
4.2540,966.00,18400
4.2580,966.00,18384
4.2620,966.00,18400
4.2660,966.00,18416
4.2690,966.00,18384
4.2730,966.00,18384
4.2770,966.00,18416
4.2810,966.00,18400
4.2850,966.00,18416
4.2890,966.00,18384
4.2920,966.00,18384
4.2960,966.00,18400
4.3000,966.00,18400
4.3040,966.00,18384
4.3080,966.00,18400
4.3120,966.00,18352
4.3150,966.00,18400
4.3190,966.00,18416
4.3230,966.00,18368
4.3270,966.00,18400
4.3310,966.00,18400
4.3350,966.00,18384
4.3380,966.00,18400
4.3420,966.00,18384
4.3460,966.00,18384
4.3500,966.00,18384
4.3540,966.00,18368
4.3580,966.00,18368
4.3610,966.00,18368
4.3650,966.00,18384
4.3690,966.00,18384
4.3730,966.00,18384
4.3770,966.00,18400
4.3810,966.00,18400
4.3840,966.00,18384
4.3880,966.00,18400
4.3920,966.00,18400
4.3960,966.00,18384
4.4000,966.00,18368
4.4030,966.00,18400
4.4070,966.00,18416
4.4110,966.00,18384
4.4150,966.00,18384
4.4190,966.00,18400
4.4230,966.00,18400
4.4260,966.00,18384
4.4300,966.00,18400
4.4340,966.00,18400
4.4380,966.00,18368
4.4420,966.00,18368
4.4460,966.00,18384
4.4490,966.00,18368
4.4530,966.00,18368
4.4570,966.00,18400
4.4610,966.00,18368
4.4650,966.00,18400
4.4690,966.00,18400
4.4720,966.00,18400
4.4760,966.00,18384
4.4800,966.00,18384
4.4840,966.00,18368
4.4880,966.00,18400
4.4920,966.00,18368
4.4950,966.00,18368
4.4990,966.00,18400
4.5030,966.00,18416
4.5070,966.00,18384
4.5110,966.00,18400
4.5150,966.00,18400
4.5180,966.00,18416
4.5220,966.00,18400
4.5260,966.00,18400
4.5300,966.00,18384
4.5340,966.00,18400
4.5380,966.00,18368
4.5410,966.00,18400
4.5450,966.00,18400
4.5490,966.00,18384
4.5530,966.00,18384
4.5570,966.00,18400
4.5610,966.00,18384
4.5640,966.00,18368
4.5680,966.00,18400
4.5720,966.00,18384
4.5760,966.00,18368
4.5800,966.00,18400
4.5840,966.00,18416
4.5870,966.00,18400
4.5910,966.00,18384
4.5950,966.00,18416
4.5990,966.00,18384
4.6030,966.00,18416
4.6070,966.00,18400
4.6100,966.00,18368
4.6140,966.00,18400
4.6180,966.00,18400
4.6220,966.00,18384
4.6260,966.00,18384
4.6300,966.00,18416
4.6330,966.00,18400
4.6370,966.00,18368
4.6410,966.00,18400
4.6450,966.00,18400
4.6490,966.00,18368
4.6530,966.00,18384
4.6560,966.00,18400
4.6600,966.00,18400
4.6640,966.00,18368
4.6680,966.00,18400
4.6720,966.00,18368
4.6760,966.00,18416
4.6790,966.00,18384
4.6830,966.00,18368
4.6870,966.00,18400
4.6910,966.00,18416
4.6950,966.00,18384
4.6980,966.00,18400
4.7020,966.00,18400
4.7060,966.00,18400
4.7100,966.00,18384
4.7140,966.00,18384
4.7180,966.00,18416
4.7210,966.00,18400
4.7250,966.00,18368
4.7290,966.00,18416
4.7330,966.00,18400
4.7370,966.00,18384
4.7410,966.00,18400
4.7440,966.00,18400
4.7480,966.00,18400
4.7520,966.00,18384
4.7560,966.00,18400
4.7600,966.00,18368
4.7640,966.00,18400
4.7670,966.00,18400
4.7710,966.00,18400
4.7750,966.00,18400
4.7790,966.00,18400
4.7830,966.00,18400
4.7870,966.00,18400
4.7900,966.00,18352
4.7940,966.00,18384
4.7980,966.00,18400
4.8020,966.00,18384
4.8060,966.00,18368
4.8100,966.00,18384
4.8130,966.00,18368
4.8170,966.00,18416
4.8210,966.00,18400
4.8250,966.00,18368
4.8290,966.00,18400
4.8330,966.00,18400
4.8360,966.00,18384
4.8400,966.00,18384
4.8440,966.00,18400
4.8480,966.00,18400
4.8520,966.00,18368
4.8560,966.00,18496
4.8590,966.00,18400
4.8630,966.00,18384
4.8670,966.00,18384
4.8710,966.00,18384
4.8750,966.00,18368
4.8790,966.00,18400
4.8820,966.00,18400
4.8860,966.00,18368
4.8900,966.00,18384
4.8940,966.00,18416
4.8980,966.00,18400
4.9020,966.00,18384
4.9050,966.00,18384
4.9090,966.00,18400
4.9130,966.00,18384
4.9170,966.00,18368
4.9210,966.00,18400
4.9250,966.00,18416
4.9280,966.00,18368
4.9320,966.00,18400
4.9360,966.00,18400
4.9400,966.00,18384
4.9440,966.00,18400
4.9480,966.00,18368
4.9510,966.00,18368
4.9550,966.00,18400
4.9590,966.00,18416
4.9630,966.00,18368
4.9670,966.00,18400
4.9700,966.00,18400
4.9740,966.00,18400
4.9780,966.00,18384
4.9820,966.00,18384
4.9860,966.00,18400
4.9900,966.00,18384
4.9930,966.00,18368
4.9970,966.00,18400
5.0010,966.00,18400
5.0050,966.00,18384
5.0090,966.00,18384
5.0130,966.00,18416
5.0160,966.00,18400
5.0200,966.00,18384
5.0240,966.00,18384
5.0280,966.00,18400
5.0320,966.00,18384
5.0360,966.00,18384
5.0390,966.00,18368
5.0430,966.00,18400
5.0470,966.00,18368
5.0510,966.00,18400
5.0550,966.00,18416
5.0590,966.00,18400
5.0620,966.00,18384
5.0660,966.00,18384
5.0700,966.00,18400
5.0740,966.00,18384
5.0780,966.00,18368
5.0820,966.00,18384
5.0850,966.00,18384
5.0890,966.00,18384
5.0930,966.00,18384
5.0970,966.00,18400
5.1010,966.00,18368
5.1050,966.00,18368
5.1080,966.00,18400
5.1120,966.00,18400
5.1160,966.00,18368
5.1200,966.00,18400
5.1240,966.00,18400
5.1280,966.00,18384
5.1310,966.00,18384
5.1350,966.00,18384
5.1390,966.00,18400
5.1430,966.00,18384
5.1470,966.00,18368
5.1510,966.00,18416
5.1540,966.00,18400
5.1580,966.00,18368
5.1620,966.00,18416
5.1660,966.00,18400
5.1700,966.00,18384
5.1740,966.00,18384
5.1770,966.00,18400
5.1810,966.00,18400
5.1850,966.00,18384
5.1890,966.00,18368
5.1930,966.00,18400
5.1970,966.00,18384
5.2000,966.00,18368
5.2040,966.00,18400
5.2080,966.00,18368
5.2120,966.00,18400
5.2160,966.00,18416
5.2200,966.00,18368
5.2230,966.00,18384
5.2270,966.00,18416
5.2310,966.00,18400
5.2350,966.00,18384
5.2390,966.00,18384
5.2430,966.00,18400
5.2460,966.00,18400
5.2500,966.00,18400
5.2540,966.00,18400
5.2580,966.00,18384
5.2620,966.00,18384
5.2650,966.00,18384
5.2690,966.00,18384
5.2730,966.00,18400
5.2770,966.00,18400
5.2810,966.00,18368
5.2850,966.00,18368
5.2880,966.00,18384
5.2920,966.00,18384
5.2960,966.00,18400
5.3000,966.00,18384
5.3040,966.00,18368
5.3080,966.00,18400
5.3110,966.00,18368
5.3150,966.00,18416
5.3190,966.00,18400
5.3230,966.00,18368
5.3270,966.00,18400
5.3310,966.00,18368
5.3340,966.00,18400
5.3380,966.00,18400
5.3420,966.00,18384
5.3460,966.00,18400
5.3500,966.00,18384
5.3540,966.00,18400
5.3570,966.00,18400
5.3610,966.00,18384
5.3650,966.00,18384
5.3690,966.00,18400
5.3730,966.00,18400
5.3770,966.00,18384
5.3800,966.00,18384
5.3840,966.00,18400
5.3880,966.00,18384
5.3920,966.00,18368
5.3960,966.00,18400
5.4000,966.00,18416
5.4030,966.00,18384
5.4070,966.00,18400
5.4110,966.00,18416
5.4150,966.00,18400
5.4190,966.00,18384
5.4230,966.00,18400
5.4260,966.00,18384
5.4300,966.00,18384
5.4340,966.00,18400
5.4380,966.00,18384
5.4420,966.00,18368
5.4460,966.00,18368
5.4490,966.00,18384
5.4530,966.00,18400
5.4570,966.00,18384
5.4610,966.00,18368
5.4650,966.00,18400
5.4690,966.00,18384
5.4720,966.00,18400
5.4760,966.00,18368
5.4800,966.00,18368
5.4840,966.00,18368
5.4880,966.00,18368
5.4920,966.00,18400
5.4950,966.00,18368
5.4990,966.00,18416
5.5030,966.00,18400
5.5070,966.00,18368
5.5110,966.00,18400
5.5150,966.00,18400
5.5180,966.00,18400
5.5220,966.00,18384
5.5260,966.00,18384
5.5300,966.00,18384
5.5340,966.00,18400
5.5380,966.00,18400
5.5410,966.00,18384
5.5450,966.00,18368
5.5490,966.00,18368
5.5530,966.00,18384
5.5570,966.00,18400
5.5600,966.00,18368
5.5640,966.00,18368
5.5680,966.00,18384
5.5720,966.00,18368
5.5760,966.00,18384
5.5800,966.00,18384
5.5830,966.00,18368
5.5870,966.00,18400
5.5910,966.00,18368
5.5950,966.00,18400
5.5990,966.00,18368
5.6030,966.00,18400
5.6060,966.00,18400
5.6100,966.00,18384
5.6140,966.00,18400
5.6180,966.00,18368
5.6220,966.00,18400
5.6260,966.00,18400
5.6290,966.00,18384
5.6330,966.00,18368
5.6370,966.00,18384
5.6410,966.00,18512
5.6450,966.00,18384
5.6490,966.00,18368
5.6520,966.00,18416
5.6560,966.00,18384
5.6600,966.00,18400
5.6640,966.00,18384
5.6680,966.00,18400
5.6720,966.00,18384
5.6750,966.00,18368
5.6790,966.00,18400
5.6830,966.00,18416
5.6870,966.00,18384
5.6910,966.00,18384
5.6950,966.00,18400
5.6980,966.00,18400
5.7020,966.00,18384
5.7060,966.00,18384
5.7100,966.00,18384
5.7140,966.00,18400
5.7180,966.00,18400
5.7210,966.00,18384
5.7250,966.00,18368
5.7290,966.00,18416
5.7330,966.00,18384
5.7370,966.00,18400
5.7410,966.00,18384
5.7440,966.00,18384
5.7480,966.00,18400
5.7520,966.00,18400
5.7560,966.00,18384
5.7600,966.00,18384
5.7640,966.00,18400
5.7670,966.00,18400
5.7710,966.00,18384
5.7750,966.00,18368
5.7790,966.00,18384
5.7830,966.00,18368
5.7870,966.00,18400
5.7900,966.00,18384
5.7940,966.00,18368
5.7980,966.00,18368
5.8020,966.00,18368
5.8060,966.00,18400
5.8100,966.00,18416
5.8130,966.00,18368
5.8170,966.00,18400
5.8210,966.00,18400
5.8250,966.00,18384
5.8290,966.00,18384
5.8320,966.00,18400
5.8360,966.00,18384
5.8400,966.00,18368
5.8440,966.00,18368
5.8480,966.00,18400
5.8520,966.00,18400
5.8550,966.00,18368
5.8590,966.00,18400
5.8630,966.00,18400
5.8670,966.00,18368
5.8710,966.00,18400
5.8750,966.00,18368
5.8780,966.00,18400
5.8820,966.00,18384
5.8860,966.00,18384
5.8900,966.00,18400
5.8940,966.00,18384
5.8980,966.00,18352
5.9010,966.00,18400
5.9050,966.00,18384
5.9090,966.00,18384
5.9130,966.00,18400
5.9170,966.00,18368
5.9210,966.00,18400
5.9240,966.00,18416
5.9280,966.00,18400
5.9320,966.00,18384
5.9360,966.00,18384
5.9400,966.00,18400
5.9440,966.00,18384
5.9470,966.00,18368
5.9510,966.00,18400
5.9550,966.00,18384
5.9590,966.00,18368
5.9630,966.00,18400
5.9670,966.00,18400
5.9700,966.00,18384
5.9740,966.00,18384
5.9780,966.00,18384
5.9820,966.00,18384
5.9860,966.00,18368
5.9900,966.00,18400
5.9930,966.00,18416
5.9970,966.00,18400
6.0010,966.00,18384
6.0050,966.00,18384
6.0090,966.00,18384
6.0130,966.00,18400
6.0160,966.00,18400
6.0200,966.00,18384
6.0240,966.00,18368
6.0280,966.00,18368
6.0320,966.00,18368
6.0360,966.00,18400
6.0390,966.00,18400
6.0430,966.00,18400
6.0470,966.00,18384
6.0510,966.00,18368
6.0550,966.00,18384
6.0590,966.00,18384
6.0620,966.00,18384
6.0660,966.00,18368
6.0700,966.00,18400
6.0740,966.00,18400
6.0780,966.00,18368
6.0820,966.00,18400
6.0850,966.00,18368
6.0890,966.00,18400
6.0930,966.00,18416
6.0970,966.00,18400
6.1010,966.00,18400
6.1050,966.00,18384
6.1080,966.00,18400
6.1120,966.00,18400
6.1160,966.00,18400
6.1200,966.00,18368
6.1240,966.00,18368
6.1270,966.00,18400
6.1310,966.00,18384
6.1350,966.00,18400
6.1390,966.00,18368
6.1430,966.00,18384
6.1470,966.00,18416
6.1500,966.00,18400
6.1540,966.00,18384
6.1580,966.00,18384
6.1620,966.00,18416
6.1660,966.00,18400
6.1700,966.00,18384
6.1730,966.00,18368
6.1770,966.00,18384
6.1810,966.00,18384
6.1850,966.00,18384
6.1890,966.00,18400
6.1930,966.00,18400
6.1960,966.00,18368
6.2000,966.00,18384
6.2040,966.00,18416
6.2080,966.00,18384
6.2120,966.00,18368
6.2160,966.00,18416
6.2190,966.00,18416
6.2230,966.00,18368
6.2270,966.00,18400
6.2310,966.00,18368
6.2350,966.00,18400
6.2390,966.00,18400
6.2420,966.00,18384
6.2460,966.00,18384
6.2500,966.00,18384
6.2540,966.00,18384
6.2580,966.00,18368
6.2620,966.00,18384
6.2650,966.00,18400
6.2690,966.00,18416
6.2730,966.00,18400
6.2770,966.00,18400
6.2810,966.00,18400
6.2850,1766.00,18384
6.2880,1766.00,18384
6.2920,1766.00,19408
6.2960,1766.00,19232
6.3000,1766.00,18976
6.3040,1766.00,18656
6.3080,1766.00,18400
6.3110,1766.00,18224
6.3150,1766.00,17952
6.3190,1766.00,17776
6.3230,1766.00,17600
6.3270,1766.00,17392
6.3310,1766.00,17152
6.3340,1766.00,16992
6.3380,1766.00,16816
6.3420,1766.00,16592
6.3460,1766.00,16416
6.3500,1766.00,16224
6.3540,1766.00,16032
6.3570,1766.00,15840
6.3610,1766.00,15648
6.3650,1766.00,15472
6.3690,1766.00,15216
6.3730,1766.00,15056
6.3770,1766.00,14832
6.3800,1766.00,14624
6.3840,1766.00,14432
6.3880,1766.00,14256
6.3920,1766.00,14000
6.3960,1766.00,13760
6.4000,1766.00,13568
6.4030,1766.00,13376
6.4070,1766.00,13200
6.4110,1766.00,12992
6.4150,1766.00,12784
6.4190,1766.00,12624
6.4220,1766.00,12352
6.4260,1766.00,12208
6.4300,1766.00,11968
6.4340,1766.00,11792
6.4380,1766.00,11568
6.4420,1766.00,11376
6.4450,1766.00,11168
6.4490,1766.00,10912
6.4530,1766.00,10672
6.4570,1766.00,10528
6.4610,1766.00,10336
6.4650,1766.00,10240
6.4680,1766.00,10144
6.4720,1766.00,10032
6.4760,1766.00,9808
6.4800,1766.00,9776
6.4840,1766.00,9728
6.4880,1766.00,9632
6.4910,1766.00,9568
6.4950,1766.00,9536
6.4990,1766.00,9440
6.5030,1766.00,9456
6.5070,1766.00,9440
6.5110,1766.00,9424
6.5140,1766.00,9392
6.5180,1766.00,9376
6.5220,1766.00,9376
6.5260,1766.00,9376
6.5300,1766.00,9376
6.5340,1766.00,9344
6.5370,1766.00,9312
6.5410,1766.00,9360
6.5450,1766.00,9344
6.5490,1766.00,9328
6.5530,1766.00,9344
6.5570,1766.00,9312
6.5600,1766.00,9360
6.5640,1766.00,9328
6.5680,1766.00,9328
6.5720,1766.00,9344
6.5760,1766.00,9296
6.5800,1766.00,9360
6.5830,1766.00,9376
6.5870,1766.00,9344
6.5910,1766.00,9376
6.5950,1766.00,9328
6.5990,1766.00,9376
6.6030,1766.00,9344
6.6060,1766.00,9360
6.6100,1766.00,9424
6.6140,1766.00,9408
6.6180,1766.00,9344
6.6220,1766.00,9360
6.6260,1766.00,9344
6.6290,1766.00,9376
6.6330,1766.00,9360
6.6370,1766.00,9344
6.6410,1766.00,9344
6.6450,1766.00,9408
6.6490,1766.00,9328
6.6520,1766.00,9376
6.6560,1766.00,9360
6.6600,1766.00,9360
6.6640,1766.00,9376
6.6680,1766.00,9360
6.6720,1766.00,9328
6.6750,1766.00,9424
6.6790,1766.00,9392
6.6830,1766.00,9376
6.6870,1766.00,9360
6.6910,1766.00,9376
6.6950,1766.00,9376
6.6980,1766.00,9360
6.7020,1766.00,9360
6.7060,1766.00,9392
6.7100,1766.00,9376
6.7140,1766.00,9328
6.7180,1766.00,9376
6.7210,1766.00,9376
6.7250,1766.00,9328
6.7290,1766.00,9392
6.7330,1766.00,9344
6.7370,1766.00,9376
6.7410,1766.00,9328
6.7440,1766.00,9280
6.7480,1766.00,9408
6.7520,1766.00,9344
6.7560,1766.00,9392
6.7600,1766.00,9376
6.7630,1766.00,9392
6.7670,1766.00,9328
6.7710,1766.00,9392
6.7750,1766.00,9408
6.7790,1766.00,9440
6.7830,1766.00,9344
6.7860,1766.00,9344
6.7900,1766.00,9360
6.7940,1766.00,9392
6.7980,1766.00,9360
6.8020,1766.00,9376
6.8060,1766.00,9424
6.8090,1766.00,9376
6.8130,1766.00,9312
6.8170,1766.00,9376
6.8210,1766.00,9360
6.8250,1766.00,9376
6.8290,1766.00,9376
6.8320,1766.00,9344
6.8360,1766.00,9376
6.8400,1766.00,9280
6.8440,1766.00,9344
6.8480,1766.00,9328
6.8520,1766.00,9392
6.8550,1766.00,9360
6.8590,1766.00,9376
6.8630,1766.00,9376
6.8670,1766.00,9392
6.8710,1766.00,9328
6.8750,1766.00,9280
6.8780,1766.00,9376
6.8820,1766.00,9392
6.8860,1766.00,9392
6.8900,1766.00,9360
6.8940,1766.00,9376
6.8980,1766.00,9392
6.9010,1766.00,9344
6.9050,1766.00,9408
6.9090,1766.00,9408
6.9130,1766.00,9328
6.9170,1766.00,9376
6.9210,1766.00,9376
6.9240,1766.00,9392
6.9280,1766.00,9392
6.9320,1766.00,9408
6.9360,1766.00,9280
6.9400,1766.00,9360
6.9440,1766.00,9360
6.9470,1766.00,9376
6.9510,1766.00,9376
6.9550,1766.00,9392
6.9590,1766.00,9344
6.9630,1766.00,9360
6.9670,1766.00,9328
6.9700,1766.00,9312
6.9740,1766.00,9440
6.9780,1766.00,9344
6.9820,1766.00,9344
6.9860,1766.00,9344
6.9900,1766.00,9376
6.9930,1766.00,9344
6.9970,1766.00,9408
7.0010,1766.00,9408
7.0050,1766.00,9312
7.0090,1766.00,9360
7.0130,1766.00,9360
7.0160,1766.00,9376
7.0200,1766.00,9360
7.0240,1766.00,9344
7.0280,1766.00,9360
7.0320,1766.00,9328
7.0360,1766.00,9360
7.0390,1766.00,9376
7.0430,1766.00,9344
7.0470,1766.00,9360
7.0510,1766.00,9376
7.0550,1766.00,9376
7.0590,1766.00,9392
7.0620,1766.00,9360
7.0660,1766.00,9344
7.0700,1766.00,9344
7.0740,1766.00,9376
7.0780,1766.00,9392
7.0810,1766.00,9376
7.0850,1766.00,9392
7.0890,1766.00,9376
7.0930,1766.00,9376
7.0970,1766.00,9344
7.1010,1766.00,9376
7.1040,1766.00,9376
7.1080,1766.00,9408
7.1120,1766.00,9392
7.1160,1766.00,9344
7.1200,1766.00,9392
7.1240,1766.00,9360
7.1270,1766.00,9344
7.1310,1766.00,9408
7.1350,1766.00,9376
7.1390,1766.00,9360
7.1430,1766.00,9392
7.1470,1766.00,9408
7.1500,1766.00,9360
7.1540,1766.00,9344
7.1580,1766.00,9408
7.1620,1766.00,9392
7.1660,1766.00,9360
7.1700,1766.00,9328
7.1730,1766.00,9392
7.1770,1766.00,9360
7.1810,1766.00,9392
7.1850,1766.00,9376
7.1890,1766.00,9376
7.1930,1766.00,9392
7.1960,1766.00,9392
7.2000,1766.00,9424
7.2040,1766.00,9360
7.2080,1766.00,9344
7.2120,1766.00,9424
7.2160,1766.00,9408
7.2190,1766.00,9360
7.2230,1766.00,9344
7.2270,1766.00,9408
7.2310,1766.00,9392
7.2350,1766.00,9376
7.2390,1766.00,9344
7.2420,1766.00,9392
7.2460,1766.00,9424
7.2500,1766.00,9360
7.2540,1766.00,9360
7.2580,1766.00,9376
7.2620,1766.00,9392
7.2650,1766.00,9328
7.2690,1766.00,9360
7.2730,1766.00,9376
7.2770,1766.00,9328
7.2810,1766.00,9344
7.2850,1766.00,9344
7.2880,1766.00,9408
7.2920,1766.00,9376
7.2960,1766.00,9392
7.3000,1766.00,9392
7.3040,1766.00,9376
7.3080,1766.00,9392
7.3110,1766.00,9312
7.3150,1766.00,9312
7.3190,1766.00,9424
7.3230,1766.00,9344
7.3270,1766.00,9360
7.3310,1766.00,9376
7.3340,1766.00,9392
7.3380,1766.00,9344
7.3420,1766.00,9344
7.3460,1766.00,9424
7.3500,1766.00,9328
7.3540,1766.00,9392
7.3570,1766.00,9296
7.3610,1766.00,9360
7.3650,1766.00,9344
7.3690,1766.00,9344
7.3730,1766.00,9344
7.3770,1766.00,9360
7.3800,1766.00,9344
7.3840,1766.00,9408
7.3880,1766.00,9344
7.3920,1766.00,9376
7.3960,1766.00,9408
7.3990,1766.00,9360
7.4030,1766.00,9344
7.4070,1766.00,9360
7.4110,1766.00,9392
7.4150,1766.00,9360
7.4190,1766.00,9328
7.4220,1766.00,9360
7.4260,1766.00,9392
7.4300,1766.00,9392
7.4340,1766.00,9392
7.4380,1766.00,9360
7.4420,1766.00,9392
7.4450,1766.00,9360
7.4490,1766.00,9360
7.4530,1766.00,9376
7.4570,1766.00,9376
7.4610,1766.00,9312
7.4650,1766.00,9344
7.4680,1766.00,9360
7.4720,1766.00,9392
7.4760,1766.00,9392
7.4800,1766.00,9392
7.4840,1766.00,9328
7.4880,1766.00,9360
7.4910,1766.00,9264
7.4950,1766.00,9392
7.4990,1766.00,9328
7.5030,1766.00,9360
7.5070,1766.00,9344
7.5110,1766.00,9376
7.5140,1766.00,9392
7.5180,1766.00,9392
7.5220,1766.00,9376
7.5260,1766.00,9424
7.5300,1766.00,9328
7.5340,1766.00,9344
7.5370,1766.00,9360
7.5410,1766.00,9376
7.5450,1766.00,9408
7.5490,1766.00,9344
7.5530,1766.00,9344
7.5570,1766.00,9376
7.5600,1766.00,9408
7.5640,1766.00,9408
7.5680,1766.00,9408
7.5720,1766.00,9344
7.5760,1766.00,9408
7.5800,1766.00,9392
7.5830,1766.00,9344
7.5870,1766.00,9392
7.5910,1766.00,9376
7.5950,1766.00,9376
7.5990,1766.00,9376
7.6030,1766.00,9392
7.6060,1766.00,9296
7.6100,1766.00,9408
7.6140,1766.00,9344
7.6180,1766.00,9344
7.6220,1766.00,9392
7.6260,1766.00,9408
7.6290,1766.00,9376
7.6330,1766.00,9392
7.6370,1766.00,9360
7.6410,1766.00,9360
7.6450,1766.00,9392
7.6490,1766.00,9376
7.6520,1766.00,9296
7.6560,1766.00,9344
7.6600,1766.00,9392
7.6640,1766.00,9392
7.6680,1766.00,9392
7.6720,1766.00,9408
7.6750,1766.00,9360
7.6790,1766.00,9360
7.6830,1766.00,9392
7.6870,1766.00,9296
7.6910,1766.00,9344
7.6950,1766.00,9376
7.6980,1766.00,9392
7.7020,1766.00,9392
7.7060,1766.00,9360
7.7100,1766.00,9328
7.7140,1766.00,9376
7.7180,1766.00,9312
7.7210,1766.00,9408
7.7250,1766.00,9344
7.7290,1766.00,9360
7.7330,1766.00,9328
7.7370,1766.00,9344
7.7400,1766.00,9392
7.7440,1766.00,9392
7.7480,1766.00,9424
7.7520,1766.00,9408
7.7560,1766.00,9328
7.7600,1766.00,9392
7.7630,1766.00,9360
7.7670,1766.00,9360
7.7710,1766.00,9360
7.7750,1766.00,9392
7.7790,1766.00,9392
7.7830,1766.00,9376
7.7860,1766.00,9376
7.7900,1766.00,9312
7.7940,1766.00,9376
7.7980,1766.00,9296
7.8020,1766.00,9392
7.8060,1766.00,9376
7.8090,1766.00,9360
7.8130,1766.00,9360
7.8170,1766.00,9392
7.8210,1766.00,9344
7.8250,1766.00,9392
7.8290,1766.00,9376
7.8320,1766.00,9328
7.8360,1766.00,9376
7.8400,1766.00,9312
7.8440,1766.00,9328
7.8480,1766.00,9360
7.8520,1766.00,9344
7.8550,1766.00,9392
7.8590,1766.00,9392
7.8630,1766.00,9376
7.8670,1766.00,9440
7.8710,1766.00,9424
7.8750,1766.00,9344
7.8780,1766.00,9408
7.8820,1766.00,9392
7.8860,1766.00,9376
7.8900,1766.00,9376
7.8940,1766.00,9376
7.8980,1766.00,9392
7.9010,1766.00,9408
7.9050,1766.00,9328
7.9090,1766.00,9408
7.9130,1766.00,9392
7.9170,1766.00,9376
7.9210,1766.00,9376
7.9240,1766.00,9392
7.9280,1766.00,9392
7.9320,1766.00,9296
7.9360,1766.00,9408
7.9400,1766.00,9360
7.9440,1766.00,9392
7.9470,1766.00,9392
7.9510,1766.00,9392
7.9550,1766.00,9392
7.9590,1766.00,9392
7.9630,1766.00,9360
7.9670,1766.00,9376
7.9700,1766.00,9424
7.9740,1766.00,9312
7.9780,1766.00,9360
7.9820,1766.00,9392
7.9860,1766.00,9344
7.9900,1766.00,9376
7.9930,1766.00,9360
7.9970,1766.00,9440
8.0010,1766.00,9360
8.0050,1766.00,9312
8.0090,1766.00,9360
8.0130,1766.00,9376
8.0160,1766.00,9360
8.0200,1766.00,9360
8.0240,1766.00,9344
8.0280,1766.00,9392
8.0320,1766.00,9328
8.0350,1766.00,9328
8.0390,1766.00,9344
8.0430,1766.00,9344
8.0470,1766.00,9344
8.0510,1766.00,9392
8.0550,1766.00,9392
8.0580,1766.00,9424
8.0620,1766.00,9376
8.0660,1766.00,9312
8.0700,1766.00,9376
8.0740,1766.00,9376
8.0780,1766.00,9344
8.0810,1766.00,9376
8.0850,1766.00,9376
8.0890,1766.00,9376
8.0930,1766.00,9408
8.0970,1766.00,9408
8.1010,1766.00,9328
8.1040,1766.00,9376
8.1080,1766.00,9344
8.1120,1766.00,9360
8.1160,1766.00,9360
8.1200,1766.00,9376
8.1240,1766.00,9376
8.1270,1766.00,9376
8.1310,1766.00,9376
8.1350,1766.00,9360
8.1390,1766.00,9360
8.1430,1766.00,9344
8.1470,1766.00,9344
8.1500,1766.00,9344
8.1540,1766.00,9408
8.1580,1766.00,9392
8.1620,1766.00,9344
8.1660,1766.00,9392
8.1700,1766.00,9392
8.1730,1766.00,9392
8.1770,1766.00,9376
8.1810,1766.00,9376
8.1850,1766.00,9360
8.1890,1766.00,9376
8.1930,1766.00,9296
8.1960,1766.00,9344
8.2000,1766.00,9440
8.2040,1766.00,9360
8.2080,1766.00,9360
8.2120,1766.00,9376
8.2160,1766.00,9344
8.2190,1766.00,9376
8.2230,1766.00,9392
8.2270,1766.00,9328
8.2310,1766.00,9392
8.2350,1766.00,9408
8.2390,1766.00,9376
8.2420,1766.00,9408
8.2460,1766.00,9376
8.2500,1766.00,9392
8.2540,1766.00,9392
8.2580,1766.00,9376
8.2620,1766.00,9280
8.2650,1766.00,9360
8.2690,1766.00,9408
8.2730,1766.00,9344
8.2770,1766.00,9392
8.2810,1766.00,9392
8.2850,1766.00,9360
8.2880,1766.00,9328
8.2920,1766.00,9344
8.2960,1766.00,9392
8.3000,1766.00,9344
8.3040,1766.00,9360
8.3080,1766.00,9392
8.3110,1766.00,9392
8.3150,1766.00,9360
8.3190,1766.00,9376
8.3230,1766.00,9392
8.3270,1766.00,9360
8.3310,1766.00,9392
8.3340,1766.00,9344
8.3380,1766.00,9360
8.3420,1766.00,9344
8.3460,1766.00,9360
8.3500,1766.00,9344
8.3530,1766.00,9408
8.3570,1766.00,9344
8.3610,1766.00,9392
8.3650,1766.00,9344
8.3690,1766.00,9392
8.3730,1766.00,9456
8.3760,1766.00,9344
8.3800,1766.00,9408
8.3840,1766.00,9344
8.3880,1766.00,9392
8.3920,1766.00,9376
8.3960,1766.00,9392
8.3990,1766.00,9392
8.4030,1766.00,9376
8.4070,1766.00,9376
8.4110,1766.00,9328
8.4150,1766.00,9376
8.4190,1766.00,9376
8.4220,1766.00,9376
8.4260,1766.00,9344
8.4300,1766.00,9360
8.4340,1766.00,9408
8.4380,1766.00,9344
8.4420,1766.00,9344
8.4450,1766.00,9360
8.4490,1766.00,9360
8.4530,1766.00,9376
8.4570,1766.00,9344
8.4610,1766.00,9376
8.4650,1766.00,9360
8.4680,1766.00,9312
8.4720,1766.00,9408
8.4760,1766.00,9376
8.4800,1766.00,9344
8.4840,1766.00,9344
8.4880,1766.00,9344
8.4910,1766.00,9392
8.4950,1766.00,9344
8.4990,1766.00,9392
8.5030,1766.00,9376
8.5070,1766.00,9440
8.5110,1766.00,9376
8.5140,1766.00,9392
8.5180,1766.00,9376
8.5220,1766.00,9360
8.5260,1766.00,9392
8.5300,1766.00,9376
8.5340,1766.00,9392
8.5370,1766.00,9328
8.5410,1766.00,9408
8.5450,1766.00,9440
8.5490,1766.00,9392
8.5530,1766.00,9344
8.5570,1766.00,9392
8.5600,1766.00,9328
8.5640,1766.00,9392
8.5680,1766.00,9376
8.5720,1766.00,9264
8.5760,1766.00,9424
8.5800,1766.00,9344
8.5830,1766.00,9392
8.5870,1766.00,9376
8.5910,1766.00,9392
8.5950,1766.00,9376
8.5990,1766.00,9392
8.6030,1766.00,9392
8.6060,1766.00,9312
8.6100,1766.00,9392
8.6140,1766.00,9456
8.6180,1766.00,9360
8.6220,1766.00,9392
8.6260,1766.00,9376
8.6290,1766.00,9328
8.6330,1766.00,9360
8.6370,1766.00,9392
8.6410,1766.00,9392
8.6450,1766.00,9360
8.6490,1766.00,9360
8.6520,1766.00,9376
8.6560,1766.00,9376
8.6600,1766.00,9376
8.6640,1766.00,9360
8.6680,1766.00,9360
8.6720,1766.00,9392
8.6750,1766.00,9408
8.6790,1766.00,9344
8.6830,1766.00,9408
8.6870,1766.00,9344
8.6910,1766.00,9392
8.6940,1766.00,9344
8.6980,1766.00,9392
8.7020,1766.00,9376
8.7060,1766.00,9392
8.7100,1766.00,9392
8.7140,1766.00,9376
8.7170,1766.00,9424
8.7210,1766.00,9328
8.7250,1766.00,9376
8.7290,1766.00,9344
8.7330,1766.00,9360
8.7370,1766.00,9344
8.7400,1766.00,9328
8.7440,1766.00,9360
8.7480,1766.00,9360
8.7520,1766.00,9344
8.7560,1766.00,9408
8.7600,1766.00,9392
8.7630,1766.00,9344
8.7670,1766.00,9360
8.7710,1766.00,9376
8.7750,1766.00,9392
8.7790,1766.00,9408
8.7830,1766.00,9440
8.7860,1766.00,9408
8.7900,1766.00,9392
8.7940,1766.00,9376
8.7980,1766.00,9392
8.8020,1766.00,9376
8.8060,1766.00,9392
8.8090,1766.00,9424
8.8130,1766.00,9360
8.8170,1766.00,9376
8.8210,1766.00,9344
8.8250,1766.00,9376
8.8290,1766.00,9376
8.8320,1766.00,9360
8.8360,1766.00,9360
8.8400,1766.00,9360
8.8440,1766.00,9408
8.8480,1766.00,9312
8.8520,1766.00,9344
8.8550,1766.00,9360
8.8590,1766.00,9376
8.8630,1766.00,9392
8.8670,1766.00,9392
8.8710,1766.00,9360
8.8750,1766.00,9360
8.8780,1766.00,9280
8.8820,1766.00,9376
8.8860,1766.00,9360
8.8900,1766.00,9344
8.8940,1766.00,9392
8.8980,1766.00,9360
8.9010,1766.00,9360
8.9050,1766.00,9392
8.9090,1766.00,9376
8.9130,1766.00,9328
8.9170,1766.00,9408
8.9210,1766.00,9312
8.9240,1766.00,9392
8.9280,1766.00,9392
8.9320,1766.00,9376
8.9360,1766.00,9376
8.9400,1766.00,9360
8.9440,1766.00,9344
8.9470,1766.00,9376
8.9510,1766.00,9392
8.9550,1766.00,9328
8.9590,1766.00,9344
8.9630,1766.00,9360
8.9670,1766.00,9376
8.9700,1766.00,9360
8.9740,1766.00,9360
8.9780,1766.00,9296
8.9820,1766.00,9312
8.9860,1766.00,9408
8.9900,1766.00,9328
8.9930,1766.00,9360
8.9970,1766.00,9376
9.0010,1766.00,9328
9.0050,1766.00,9344
9.0090,1766.00,9392
9.0120,1766.00,9424
9.0160,1766.00,9424
9.0200,1766.00,9360
9.0240,1766.00,9376
9.0280,1766.00,9392
9.0320,1766.00,9376
9.0350,1766.00,9392
9.0390,1766.00,9376
9.0430,1766.00,9408
9.0470,1766.00,9328
9.0510,1766.00,9424
9.0550,1766.00,9328
9.0580,1766.00,9360
9.0620,1766.00,9392
9.0660,1766.00,9360
9.0700,1766.00,9360
9.0740,1766.00,9376
9.0780,1766.00,9408
9.0810,1766.00,9328
9.0850,1766.00,9328
9.0890,1766.00,9376
9.0930,1766.00,9376
9.0970,1766.00,9392
9.1010,1766.00,9376
9.1040,1766.00,9344
9.1080,1766.00,9344
9.1120,1766.00,9360
9.1160,1766.00,9392
9.1200,1766.00,9312
9.1240,1766.00,9376
9.1270,1766.00,9376
9.1310,1766.00,9344
9.1350,1766.00,9360
9.1390,1766.00,9360
9.1430,1766.00,9440
9.1470,1766.00,9376
9.1500,1766.00,9408
9.1540,1766.00,9312
9.1580,1766.00,9376
9.1620,1766.00,9392
9.1660,1766.00,9392
9.1700,1766.00,9360
9.1730,1766.00,9392
9.1770,1766.00,9312
9.1810,1766.00,9376
9.1850,1766.00,9424
9.1890,1766.00,9280
9.1930,1766.00,9408
9.1960,1766.00,9392
9.2000,1766.00,9408
9.2040,1766.00,9392
9.2080,1766.00,9392
9.2120,1766.00,9296
9.2160,1766.00,9376
9.2190,1766.00,9440
9.2230,1766.00,9360
9.2270,1766.00,9376
9.2310,1766.00,9360
9.2350,1766.00,9360
9.2390,1766.00,9360
9.2420,1766.00,9392
9.2460,1766.00,9328
9.2500,1766.00,9408
9.2540,1766.00,9376
9.2580,1766.00,9392
9.2620,1766.00,9328
9.2650,1766.00,9376
9.2690,1766.00,9408
9.2730,1766.00,9328
9.2770,1766.00,9360
9.2810,1766.00,9376
9.2850,1766.00,9360
9.2880,1766.00,9392
9.2920,1766.00,9312
9.2960,1766.00,9360
9.3000,1766.00,9392
9.3040,1766.00,9376
9.3080,1766.00,9392
9.3110,1766.00,9376
9.3150,1766.00,9392
9.3190,1766.00,9344
9.3230,1766.00,9408
9.3270,1766.00,9408
9.3300,1766.00,9376
9.3340,1766.00,9360
9.3380,1766.00,9360
9.3420,1766.00,9392
9.3460,1766.00,9360
9.3500,1766.00,9376
9.3530,1766.00,9408
9.3570,1766.00,9344
9.3610,1766.00,9392
9.3650,1766.00,9312
9.3690,1766.00,9392
9.3730,1766.00,9408
9.3760,1766.00,9392
9.3800,1766.00,9376
9.3840,1766.00,9376
9.3880,1766.00,9360
9.3920,1766.00,9424
9.3960,1766.00,9328
9.3990,1766.00,9344
9.4030,1766.00,9376
9.4070,1766.00,9344
9.4110,1766.00,9360
9.4150,1766.00,9360
9.4190,1766.00,9360
9.4220,1766.00,9296
9.4260,966.00,9312
9.4300,966.00,9360
9.4340,966.00,10304
9.4380,966.00,10080
9.4420,966.00,9984
9.4450,966.00,10064
9.4490,966.00,10048
9.4530,966.00,10112
9.4570,966.00,10240
9.4610,966.00,10352
9.4650,966.00,10512
9.4680,966.00,10704
9.4720,966.00,10832
9.4760,966.00,11040
9.4800,966.00,11248
9.4840,966.00,11408
9.4880,966.00,11616
9.4910,966.00,11872
9.4950,966.00,12048
9.4990,966.00,12208
9.5030,966.00,12400
9.5070,966.00,12624
9.5110,966.00,12784
9.5140,966.00,12992
9.5180,966.00,13200
9.5220,966.00,13408
9.5260,966.00,13584
9.5300,966.00,13776
9.5340,966.00,13984
9.5370,966.00,14240
9.5410,966.00,14432
9.5450,966.00,14640
9.5490,966.00,14800
9.5530,966.00,15024
9.5570,966.00,15216
9.5600,966.00,15424
9.5640,966.00,15600
9.5680,966.00,15808
9.5720,966.00,16000
9.5760,966.00,16272
9.5800,966.00,16416
9.5830,966.00,16608
9.5870,966.00,16832
9.5910,966.00,17024
9.5950,966.00,17136
9.5990,966.00,17280
9.6030,966.00,17424
9.6060,966.00,17568
9.6100,966.00,17744
9.6140,966.00,17888
9.6180,966.00,17968
9.6220,966.00,18080
9.6250,966.00,18096
9.6290,966.00,18144
9.6330,966.00,18208
9.6370,966.00,18256
9.6410,966.00,18240
9.6450,966.00,18304
9.6480,966.00,18320
9.6520,966.00,18384
9.6560,966.00,18416
9.6600,966.00,18368
9.6640,966.00,18368
9.6680,966.00,18416
9.6710,966.00,18400
9.6750,966.00,18432
9.6790,966.00,18416
9.6830,966.00,18400
9.6870,966.00,18400
9.6910,966.00,18416
9.6940,966.00,18400
9.6980,966.00,18432
9.7020,966.00,18432
9.7060,966.00,18416
9.7100,966.00,18416
9.7140,966.00,18416
9.7170,966.00,18416
9.7210,966.00,18400
9.7250,966.00,18384
9.7290,966.00,18416
9.7330,966.00,18400
9.7370,966.00,18384
9.7400,966.00,18432
9.7440,966.00,18416
9.7480,966.00,18416
9.7520,966.00,18400
9.7560,966.00,18400
9.7600,966.00,18416
9.7630,966.00,18432
9.7670,966.00,18400
9.7710,966.00,18416
9.7750,966.00,18432
9.7790,966.00,18416
9.7830,966.00,18400
9.7860,966.00,18416
9.7900,966.00,18416
9.7940,966.00,18416
9.7980,966.00,18416
9.8020,966.00,18416
9.8060,966.00,18400
9.8090,966.00,18400
9.8130,966.00,18400
9.8170,966.00,18416
9.8210,966.00,18416
9.8250,966.00,18400
9.8290,966.00,18416
9.8320,966.00,18416
9.8360,966.00,18400
9.8400,966.00,18416
9.8440,966.00,18416
9.8480,966.00,18400
9.8520,966.00,18416
9.8550,966.00,18416
9.8590,966.00,18432
9.8630,966.00,18416
9.8670,966.00,18432
9.8710,966.00,18400
9.8750,966.00,18416
9.8780,966.00,18416
9.8820,966.00,18400
9.8860,966.00,18416
9.8900,966.00,18432
9.8940,966.00,18432
9.8970,966.00,18400
9.9010,966.00,18432
9.9050,966.00,18416
9.9090,966.00,18432
9.9130,966.00,18432
9.9170,966.00,18416
9.9200,966.00,18400
9.9240,966.00,18432
9.9280,966.00,18416
9.9320,966.00,18416
9.9360,966.00,18400
9.9400,966.00,18416
9.9430,966.00,18432
9.9470,966.00,18432
9.9510,966.00,18400
9.9550,966.00,18400
9.9590,966.00,18416
9.9630,966.00,18432
9.9660,966.00,18400
9.9700,966.00,18400
9.9740,966.00,18416
9.9780,966.00,18400
9.9820,966.00,18416
9.9860,966.00,18416
9.9890,966.00,18400
9.9930,966.00,18416
9.9970,966.00,18416
10.0010,966.00,18384
10.0050,966.00,18384
10.0090,966.00,18416
10.0120,966.00,18400
10.0160,966.00,18400
10.0200,966.00,18416
10.0240,966.00,18400
10.0280,966.00,18384
10.0320,966.00,18416
10.0350,966.00,18416
10.0390,966.00,18384
10.0430,966.00,18416
10.0470,966.00,18416
10.0510,966.00,18416
10.0550,966.00,18416
10.0580,966.00,18416
10.0620,966.00,18400
10.0660,966.00,18416
10.0700,966.00,18432
10.0740,966.00,18416
10.0780,966.00,18384
10.0810,966.00,18400
10.0850,966.00,18416
10.0890,966.00,18432
10.0930,966.00,18432
10.0970,966.00,18400
10.1010,966.00,18432
10.1040,966.00,18400
10.1080,966.00,18416
10.1120,966.00,18384
10.1160,966.00,18400
10.1200,966.00,18400
10.1240,966.00,18416
10.1270,966.00,18416
10.1310,966.00,18400
10.1350,966.00,18400
10.1390,966.00,18416
10.1430,966.00,18400
10.1470,966.00,18432
10.1500,966.00,18384
10.1540,966.00,18400
10.1580,966.00,18416
10.1620,966.00,18432
10.1660,966.00,18400
10.1700,966.00,18416
10.1730,966.00,18400
10.1770,966.00,18384
10.1810,966.00,18416
10.1850,966.00,18400
10.1890,966.00,18400
10.1920,966.00,18416
10.1960,966.00,18400
10.2000,966.00,18400
10.2040,966.00,18432
10.2080,966.00,18400
10.2120,966.00,18416
10.2150,966.00,18400
10.2190,966.00,18400
10.2230,966.00,18448
10.2270,966.00,18400
10.2310,966.00,18384
10.2350,966.00,18432
10.2380,966.00,18400
10.2420,966.00,18400
10.2460,966.00,18416
10.2500,966.00,18432
10.2540,966.00,18416
10.2580,966.00,18400
10.2610,966.00,18384
10.2650,966.00,18416
10.2690,966.00,18416
10.2730,966.00,18400
10.2770,966.00,18416
10.2810,966.00,18432
10.2840,966.00,18416
10.2880,966.00,18416
10.2920,966.00,18384
10.2960,966.00,18432
10.3000,966.00,18384
10.3040,966.00,18432
10.3070,966.00,18400
10.3110,966.00,18416
10.3150,966.00,18400
10.3190,966.00,18400
10.3230,966.00,18416
10.3270,966.00,18400
10.3300,966.00,18384
10.3340,966.00,18432
10.3380,966.00,18416
10.3420,966.00,18400
10.3460,966.00,18416
10.3500,966.00,18432
10.3530,966.00,18448
10.3570,966.00,18432
10.3610,966.00,18384
10.3650,966.00,18416
10.3690,966.00,18432
10.3730,966.00,18416
10.3760,966.00,18416
10.3800,966.00,18384
10.3840,966.00,18416
10.3880,966.00,18384
10.3920,966.00,18432
10.3960,966.00,18416
10.3990,966.00,18384
10.4030,966.00,18416
10.4070,966.00,18400
10.4110,966.00,18416
10.4150,966.00,18400
10.4190,966.00,18400
10.4220,966.00,18432
10.4260,966.00,18416
10.4300,966.00,18384
10.4340,966.00,18416
10.4380,966.00,18416
10.4420,966.00,18384
10.4450,966.00,18416
10.4490,966.00,18400
10.4530,966.00,18400
10.4570,966.00,18416
10.4610,966.00,18432
10.4650,966.00,18432
10.4680,966.00,18384
10.4720,966.00,18416
10.4760,966.00,18400
10.4800,966.00,18384
10.4840,966.00,18384
10.4870,966.00,18416
10.4910,966.00,18416
10.4950,966.00,18400
10.4990,966.00,18416
10.5030,966.00,18416
10.5070,966.00,18400
10.5100,966.00,18416
10.5140,966.00,18432
10.5180,966.00,18400
10.5220,966.00,18432
10.5260,966.00,18416
10.5300,966.00,18400
10.5330,966.00,18432
10.5370,966.00,18416
10.5410,966.00,18432
10.5450,966.00,18416
10.5490,966.00,18416
10.5530,966.00,18400
10.5560,966.00,18432
10.5600,966.00,18384
10.5640,966.00,18432
10.5680,966.00,18432
10.5720,966.00,18400
10.5760,966.00,18416
10.5790,966.00,18432
10.5830,966.00,18416
10.5870,966.00,18400
10.5910,966.00,18400
10.5950,966.00,18416
10.5990,966.00,18400
10.6020,966.00,18400
10.6060,966.00,18416
10.6100,966.00,18416
10.6140,966.00,18432
10.6180,966.00,18416
10.6220,966.00,18416
10.6250,966.00,18384
10.6290,966.00,18432
10.6330,966.00,18400
10.6370,966.00,18400
10.6410,966.00,18400
10.6450,966.00,18416
10.6480,966.00,18400
10.6520,966.00,18384
10.6560,966.00,18432
10.6600,966.00,18416
10.6640,966.00,18416
10.6680,966.00,18400
10.6710,966.00,18400
10.6750,966.00,18416
10.6790,966.00,18400
10.6830,966.00,18400
10.6870,966.00,18432
10.6910,966.00,18400
10.6940,966.00,18432
10.6980,966.00,18416
10.7020,966.00,18416
10.7060,966.00,18400
10.7100,966.00,18384
10.7140,966.00,18416
10.7170,966.00,18400
10.7210,966.00,18384
10.7250,966.00,18432
10.7290,966.00,18432
10.7330,966.00,18384
10.7370,966.00,18416
10.7400,966.00,18432
10.7440,966.00,18400
10.7480,966.00,18400
10.7520,966.00,18384
10.7560,966.00,18416
10.7600,966.00,18416
10.7630,966.00,18400
10.7670,966.00,18416
10.7710,966.00,18432
10.7750,966.00,18400
10.7790,966.00,18400
10.7820,966.00,18416
10.7860,966.00,18432
10.7900,966.00,18416
10.7940,966.00,18432
10.7980,966.00,18416
10.8020,966.00,18400
10.8050,966.00,18400
10.8090,966.00,18416
10.8130,966.00,18432
10.8170,966.00,18432
10.8210,966.00,18384
10.8250,966.00,18416
10.8280,966.00,18416
10.8320,966.00,18400
10.8360,966.00,18400
10.8400,966.00,18416
10.8440,966.00,18400
10.8480,966.00,18384
10.8510,966.00,18400
10.8550,966.00,18400
10.8590,966.00,18400
10.8630,966.00,18416
10.8670,966.00,18400
10.8710,966.00,18416
10.8740,966.00,18416
10.8780,966.00,18400
10.8820,966.00,18400
10.8860,966.00,18416
10.8900,966.00,18400
10.8940,966.00,18400
10.8970,966.00,18416
10.9010,966.00,18416
10.9050,966.00,18384
10.9090,966.00,18432
10.9130,966.00,18400
10.9170,966.00,18432
10.9200,966.00,18416
10.9240,966.00,18432
10.9280,966.00,18400
10.9320,966.00,18416
10.9360,966.00,18416
10.9400,966.00,18416
10.9430,966.00,18400
10.9470,966.00,18432
10.9510,966.00,18416
10.9550,966.00,18384
10.9590,966.00,18416
10.9630,966.00,18448
10.9660,966.00,18432
10.9700,966.00,18400
10.9740,966.00,18400
10.9780,966.00,18400
10.9820,966.00,18432
10.9860,966.00,18400
10.9890,966.00,18416
10.9930,966.00,18416
10.9970,966.00,18400
11.0010,966.00,18384
11.0050,966.00,18432
11.0090,966.00,18400
11.0120,966.00,18416
11.0160,966.00,18400
11.0200,966.00,18416
11.0240,966.00,18400
11.0280,966.00,18384
11.0320,966.00,18400
11.0350,966.00,18400
11.0390,966.00,18416
11.0430,966.00,18400
11.0470,966.00,18384
11.0510,966.00,18400
11.0550,966.00,18416
11.0580,966.00,18416
11.0620,966.00,18432
11.0660,966.00,18416
11.0700,966.00,18400
11.0740,966.00,18416
11.0780,966.00,18416
11.0810,966.00,18400
11.0850,966.00,18400
11.0890,966.00,18400
11.0930,966.00,18416
11.0970,966.00,18416
11.1000,966.00,18432
11.1040,966.00,18416
11.1080,966.00,18416
11.1120,966.00,18384
11.1160,966.00,18416
11.1200,966.00,18432
11.1230,966.00,18416
11.1270,966.00,18416
11.1310,966.00,18400
11.1350,966.00,18416
11.1390,966.00,18416
11.1430,966.00,18384
11.1460,966.00,18416
11.1500,966.00,18384
11.1540,966.00,18416
11.1580,966.00,18432
11.1620,966.00,18400
11.1660,966.00,18400
11.1690,966.00,18384
11.1730,966.00,18416
11.1770,966.00,18416
11.1810,966.00,18400
11.1850,966.00,18416
11.1890,966.00,18432
11.1920,966.00,18416
11.1960,966.00,18432
11.2000,966.00,18384
11.2040,966.00,18544
11.2080,966.00,18432
11.2120,966.00,18416
11.2150,966.00,18400
11.2190,966.00,18384
11.2230,966.00,18416
11.2270,966.00,18432
11.2310,966.00,18416
11.2350,966.00,18400
11.2380,966.00,18368
11.2420,966.00,18400
11.2460,966.00,18384
11.2500,966.00,18416
11.2540,966.00,18400
11.2580,966.00,18416
11.2610,966.00,18400
11.2650,966.00,18416
11.2690,966.00,18400
11.2730,966.00,18400
11.2770,966.00,18432
11.2810,966.00,18384
11.2840,966.00,18384
11.2880,966.00,18432
11.2920,966.00,18400
11.2960,966.00,18416
11.3000,966.00,18400
11.3040,966.00,18400
11.3070,966.00,18416
11.3110,966.00,18400
11.3150,966.00,18384
11.3190,966.00,18432
11.3230,966.00,18400
11.3270,966.00,18432
11.3300,966.00,18416
11.3340,966.00,18416
11.3380,966.00,18432
11.3420,966.00,18400
11.3460,966.00,18400
11.3500,966.00,18432
11.3530,966.00,18432
11.3570,966.00,18400
11.3610,966.00,18416
11.3650,966.00,18432
11.3690,966.00,18400
11.3730,966.00,18416
11.3760,966.00,18432
11.3800,966.00,18416
11.3840,966.00,18432
11.3880,966.00,18416
11.3920,966.00,18416
11.3950,966.00,18416
11.3990,966.00,18416
11.4030,966.00,18400
11.4070,966.00,18400
11.4110,966.00,18400
11.4150,966.00,18400
11.4180,966.00,18416
11.4220,966.00,18400
11.4260,966.00,18416
11.4300,966.00,18416
11.4340,966.00,18416
11.4380,966.00,18416
11.4410,966.00,18400
11.4450,966.00,18416
11.4490,966.00,18400
11.4530,966.00,18416
11.4570,966.00,18416
11.4610,966.00,18400
11.4640,966.00,18400
11.4680,966.00,18400
11.4720,966.00,18416
11.4760,966.00,18432
11.4800,966.00,18416
11.4840,966.00,18416
11.4870,966.00,18400
11.4910,966.00,18416
11.4950,966.00,18416
11.4990,966.00,18400
11.5030,966.00,18384
11.5070,966.00,18432
11.5100,966.00,18400
11.5140,966.00,18416
11.5180,966.00,18400
11.5220,966.00,18400
11.5260,966.00,18400
11.5300,966.00,18400
11.5330,966.00,18416
11.5370,966.00,18400
11.5410,966.00,18400
11.5450,966.00,18432
11.5490,966.00,18416
11.5530,966.00,18432
11.5560,966.00,18416
11.5600,966.00,18448
11.5640,966.00,18400
11.5680,966.00,18416
11.5720,966.00,18432
11.5760,966.00,18432
11.5790,966.00,18384
11.5830,966.00,18416
11.5870,966.00,18432
11.5910,966.00,18432
11.5950,966.00,18400
11.5990,966.00,18384
11.6020,966.00,18432
11.6060,966.00,18416
11.6100,966.00,18416
11.6140,966.00,18400
11.6180,966.00,18416
11.6220,966.00,18400
11.6250,966.00,18384
11.6290,966.00,18432
11.6330,966.00,18384
11.6370,966.00,18416
11.6410,966.00,18416
11.6450,966.00,18368
11.6480,966.00,18384
11.6520,966.00,18400
11.6560,966.00,18416
11.6600,966.00,18400
11.6640,966.00,18400
11.6680,966.00,18432
11.6710,966.00,18400
11.6750,966.00,18416
11.6790,966.00,18384
11.6830,966.00,18384
11.6870,966.00,18432
11.6900,966.00,18400
11.6940,966.00,18400
11.6980,966.00,18416
11.7020,966.00,18416
11.7060,966.00,18400
11.7100,966.00,18400
11.7130,966.00,18416
11.7170,966.00,18400
11.7210,966.00,18384
11.7250,966.00,18432
11.7290,966.00,18368
11.7330,966.00,18432
11.7360,966.00,18400
11.7400,966.00,18384
11.7440,966.00,18416
11.7480,966.00,18432
11.7520,966.00,18400
11.7560,966.00,18416
11.7590,966.00,18384
11.7630,966.00,18400
11.7670,966.00,18384
11.7710,966.00,18416
11.7750,966.00,18400
11.7790,966.00,18384
11.7820,966.00,18416
11.7860,966.00,18368
11.7900,966.00,18416
11.7940,966.00,18432
11.7980,966.00,18416
11.8020,966.00,18400
11.8050,966.00,18384
11.8090,966.00,18416
11.8130,966.00,18416
11.8170,966.00,18384
11.8210,966.00,18416
11.8250,966.00,18432
11.8280,966.00,18384
11.8320,966.00,18416
11.8360,966.00,18416
11.8400,966.00,18416
11.8440,966.00,18416
11.8480,966.00,18400
11.8510,966.00,18400
11.8550,966.00,18400
11.8590,966.00,18416
11.8630,966.00,18416
11.8670,966.00,18400
11.8710,966.00,18384
11.8740,966.00,18416
11.8780,966.00,18400
11.8820,966.00,18400
11.8860,966.00,18416
11.8900,966.00,18416
11.8940,966.00,18384
11.8970,966.00,18416
11.9010,966.00,18432
11.9050,966.00,18400
